EmployeeID,FirstName,LastName,DateOfBirth,JobTitle,Salary,DepartmentID,Email
1,Natalie,Mendez,1982-11-20,HR Manager,46813.54,,theresa18@parrish.com
2,Michael,Powell,1998-01-15,Intern,84314.87,4,patricksweeney@hotmail.com
3,Cody,Bauer,1982-09-24,HR Manager,77454.83,2,lisa33@warren-parker.com
4,Christina,Perez,1965-09-08,Consultant,118664.60,,hgonzalez@woodward.org
5,Cody,Myers,1980-12-11,Intern,56476.78,,bfrench@hotmail.com
6,Rebecca,Bowman,1986-05-02,Intern,81887.33,2,nroberts@hotmail.com
7,Derek,Hale,1971-08-07,Senior Developer,119087.95,2,brandischroeder@santana-howell.com
8,Gregory,Hall,1989-02-23,Senior Developer,104597.99,4,ronaldmccarthy@gmail.com
9,Sabrina,Lutz,2001-11-06,Consultant,84734.51,1,shannon25@hart.biz
10,Sylvia,Davidson,1979-08-25,Senior Developer,56117.96,1,deborahbyrd@yahoo.com
11,Chloe,Lester,2005-12-15,Intern,48511.95,1,shepardrobert@perez.net
12,Jerome,Durham,2002-02-21,HR Manager,46008.52,,crodgers@jones.com
13,Alexander,Anderson,1979-11-28,HR Manager,96590.08,3,scott37@parker-ward.info
14,Janice,Becker,1992-08-26,Intern,69964.56,4,kmann@gmail.com
15,Joseph,Lozano,1986-02-23,HR Manager,111523.01,5,dnguyen@yahoo.com
16,Heather,Waters,1972-10-15,Intern,78967.89,,madisonkelley@gmail.com
17,Cheryl,Myers,1989-06-05,Consultant,109093.94,3,barneskathy@hotmail.com
18,Angel,Curtis,1993-09-29,Sales Representative,81466.70,5,stephanie93@white.com
19,Roberto,Walker,1992-07-24,Consultant,79669.95,4,ljordan@yahoo.com
20,John,Rogers,1971-02-15,Consultant,69888.47,5,vmartin@hotmail.com
21,Paul,Campbell,1972-02-09,Sales Representative,105786.33,,ngrant@yahoo.com
22,Taylor,Guerrero,1989-04-27,Sales Representative,99909.82,5,joseallen@orr.org
23,David,Collins,2003-04-28,HR Manager,91995.72,,andrea10@duran.com
24,Dale,Wilkins,1995-02-15,Sales Representative,108525.28,3,ariel00@yahoo.com
25,Joseph,Salas,1963-05-18,Intern,99365.06,,washingtonkelly@carrillo.org
26,Andrew,Abbott,1990-11-14,Intern,75479.12,3,sarahgonzalez@henry-johnson.com
27,Jeanne,Thompson,1992-04-16,Senior Developer,71695.40,4,thompsontimothy@walker.info
28,Melody,Cantrell,1970-02-10,Intern,103773.82,3,christopher01@yahoo.com
29,Kayla,Washington,1963-07-06,Sales Representative,72282.30,,julia94@fernandez.net
30,Teresa,Daniels,1975-10-15,HR Manager,59681.65,4,derrickpearson@gmail.com
31,Taylor,Whitehead,2004-05-18,Senior Developer,88186.17,4,kimberly66@williams.com
32,Barbara,Leblanc,1975-12-23,Intern,61378.03,4,allenkyle@miller.com
33,John,Brown,1971-01-15,Consultant,116697.43,,robertstone@adams-lyons.com
34,Michelle,Jordan,1973-02-12,Intern,96635.47,2,james55@brady.org
35,Timothy,Smith,1986-03-23,Intern,84777.80,3,debrakeller@yahoo.com
36,Edward,Cooper,1961-10-07,Consultant,37297.98,2,qmartin@mitchell-lewis.com
37,Robin,Reynolds,1995-03-26,Intern,38708.23,2,snyderlisa@hotmail.com
38,Sharon,Edwards,1990-03-07,Intern,71909.49,2,uwilliams@yahoo.com
39,Paul,Mullins,1984-10-01,Intern,57367.34,5,jperez@gmail.com
40,Kaylee,Gonzalez,1981-04-16,HR Manager,47137.32,5,glovercourtney@williams.com
41,Michelle,Allen,1972-09-09,Senior Developer,42761.75,3,jalvarez@gmail.com
42,Edward,Rivera,1967-02-09,Sales Representative,111800.02,1,zachary90@gmail.com
43,Christine,Marsh,1992-07-03,Consultant,89210.25,3,jesus62@stewart.net
44,Amber,Hodges,2001-12-20,HR Manager,109169.06,3,enavarro@james-estrada.net
45,Kayla,Bowen,1973-07-08,Senior Developer,83513.39,3,davidrichards@gmail.com
46,Debra,Erickson,1997-12-14,HR Manager,119178.58,2,darius35@owens.com
47,Vanessa,Long,1973-01-30,HR Manager,53895.92,4,kmartinez@yahoo.com
48,Heather,Henson,1988-01-26,Senior Developer,35765.30,,lisacurry@gmail.com
49,Kimberly,Parker,2000-02-08,HR Manager,81547.28,2,bhernandez@raymond.com
50,Sheri,Bowen,1969-11-06,Consultant,93080.26,4,claytonmelissa@moreno.org
51,Theresa,Cross,1986-12-26,Senior Developer,82818.93,5,annepeters@keller.com
52,Bruce,Smith,1969-10-27,Consultant,48827.37,3,tammyduncan@flores.com
53,Zachary,Hensley,2002-06-24,Consultant,54265.44,5,trevor12@guerrero-whitaker.com
54,Christopher,Figueroa,1986-04-23,HR Manager,64246.23,1,bowenallen@hotmail.com
55,Tabitha,Vaughan,1988-08-09,HR Manager,38517.22,2,taylorcoffey@hotmail.com
56,Andrew,Perry,1981-02-28,Senior Developer,58506.29,4,bryantalexandria@crane.com
57,Miranda,Brown,1990-03-18,Sales Representative,53856.33,5,omar67@robinson.com
58,Amber,Green,1993-01-03,Senior Developer,45071.99,5,gregoryrodgers@bartlett.com
59,Jason,Nguyen,1961-11-17,Sales Representative,65215.66,5,vedwards@yahoo.com
60,Carrie,Mitchell,1976-03-05,HR Manager,77983.15,2,serranoalyssa@gmail.com
61,Jonathan,Hicks,1984-03-31,HR Manager,57327.46,3,vmarks@hotmail.com
62,Julia,Kennedy,1962-12-31,Consultant,33100.65,3,ellisjennifer@gmail.com
63,Lynn,Hall,1992-09-10,Intern,90190.57,4,victoria92@chaney.org
64,Robert,Haley,2003-01-05,HR Manager,73370.03,3,xarnold@hotmail.com
65,Amanda,Mcclure,1970-01-28,HR Manager,47677.41,,ericarellano@yahoo.com
66,Dustin,Russell,2004-06-05,Sales Representative,45477.81,5,fpearson@yahoo.com
67,Holly,Kemp,1988-06-03,Senior Developer,32673.17,5,rebeccaburns@williams-ross.com
68,Shawn,Fritz,1996-08-07,Consultant,35280.54,5,billy31@graham.com
69,Stacy,Harper,2003-10-30,Consultant,108157.77,2,broberts@watson.net
70,Courtney,Davis,1978-04-24,Consultant,33543.69,3,mercedesbrown@hotmail.com
71,Allison,Lawson,2003-09-16,Sales Representative,92978.26,2,fwright@moran.com
72,Austin,Yang,1990-07-21,Consultant,118597.87,2,wesley39@reed.com
73,Nicholas,Hahn,1973-08-16,Intern,79690.03,2,ooconnell@hotmail.com
74,Jamie,Williams,1982-04-24,Sales Representative,70705.14,,qmonroe@lee.biz
75,Amanda,Johnson,1998-05-12,HR Manager,35487.74,2,natalie61@parker.biz
76,Kayla,Christian,1994-11-16,Senior Developer,37363.77,,swright@andrews.com
77,Rita,Todd,1960-01-13,HR Manager,32350.24,2,tkaufman@miller-wilson.org
78,Megan,Allison,1992-11-01,Senior Developer,45317.10,4,ghughes@hotmail.com
79,Christina,Reyes,1987-12-02,Sales Representative,81586.54,2,bhernandez@thompson.info
80,Larry,Young,1975-08-27,Intern,31053.52,,leblancdavid@salazar.info
81,William,Cook,1999-06-14,Consultant,92808.17,3,smithadam@hotmail.com
82,Lisa,Williams,1969-07-22,HR Manager,93532.02,3,baldwinscott@dawson-barker.com
83,Matthew,Mills,1988-11-16,Consultant,36850.16,2,bmacias@hotmail.com
84,Karl,Jimenez,2003-03-17,Consultant,103728.75,5,gadams@ward.com
85,Kimberly,Rivera,1965-03-08,Intern,30352.72,,ewhite@murphy.com
86,Richard,Smith,1961-01-20,Intern,57165.29,1,julieavila@yahoo.com
87,Dawn,Watkins,1989-12-11,HR Manager,85033.93,5,gonzalezmichelle@edwards.com
88,Nicholas,Murphy,1979-10-31,Senior Developer,30930.54,3,adriennerandolph@yahoo.com
89,Elizabeth,Le,1969-02-27,Consultant,75449.31,5,luis72@yahoo.com
90,Melinda,Williams,2003-08-09,Consultant,77147.51,5,alyssafleming@brown.biz
91,Tammy,Duffy,2001-08-09,Consultant,80264.20,5,lauragates@stewart.com
92,Robert,Briggs,1976-10-04,Intern,37798.23,5,michael61@martin.com
93,Michelle,Collier,2004-09-15,Consultant,104336.39,,kaufmanmaria@mcbride.info
94,Stephen,Smith,1985-12-08,HR Manager,33431.56,1,maddentiffany@yahoo.com
95,Robert,Li,2006-01-22,HR Manager,102959.92,3,fmarsh@gmail.com
96,Hannah,Choi,1964-01-27,Sales Representative,66290.77,2,lferrell@kemp.org
97,Phyllis,Vasquez,1993-10-13,Consultant,118141.69,5,lambwilliam@gould.com
98,Donna,Thomas,1969-11-09,Consultant,54865.55,1,lawrencejimenez@martinez.net
99,Nicole,Jackson,1973-12-06,Senior Developer,111906.33,5,jenkinsrichard@norton-hughes.com
100,Karen,Sherman,2006-01-28,HR Manager,85258.96,5,calvinmcmahon@yahoo.com
101,Dawn,Clark,1972-03-09,Intern,71680.34,2,jmann@yahoo.com
102,Marcus,Chapman,1984-06-18,Intern,80154.70,,calvin42@gmail.com
103,Elizabeth,Weber,1959-07-16,HR Manager,40235.08,2,fweiss@gmail.com
104,Christopher,Molina,2002-07-01,HR Manager,79040.85,,brianjohnson@gmail.com
105,Alison,Brooks,2003-12-08,Sales Representative,60355.91,4,jonesclaudia@hotmail.com
106,Kaitlyn,Scott,1976-08-24,Senior Developer,111792.70,1,briggsmichael@huynh-cole.com
107,John,Stanley,1989-11-21,Senior Developer,67892.60,1,hmorris@yahoo.com
108,James,Ford,1995-12-26,Intern,116470.08,3,vaughndustin@gmail.com
109,Paula,Tran,2003-10-12,Intern,67525.97,5,cooleycourtney@gmail.com
110,Patricia,Bates,1976-07-08,Consultant,49019.42,,steven20@gmail.com
111,Scott,Jackson,2005-03-04,Consultant,50567.86,1,rberger@yahoo.com
112,Stephen,Schmidt,1963-08-03,Sales Representative,48217.10,2,hernandezwyatt@yahoo.com
113,Cheryl,Payne,2004-11-09,Senior Developer,39951.88,5,radams@harvey.info
114,David,Lawrence,2004-02-16,HR Manager,30155.92,4,wthomas@yahoo.com
115,Christopher,Williams,1994-09-05,Consultant,53319.00,5,taylorsonya@hill.biz
116,Julia,Graham,2003-10-02,Senior Developer,64898.01,1,kimdebbie@gmail.com
117,Cheryl,Evans,1989-09-24,Intern,37019.74,2,timothycontreras@gmail.com
118,Catherine,Kim,1998-05-03,Sales Representative,80677.79,5,wbeasley@estrada.biz
119,Anna,Garcia,1968-11-23,Intern,51972.53,4,jmoore@york.com
120,Melissa,Smith,2001-10-10,Senior Developer,112956.54,4,mbrown@mccarthy-hernandez.net
121,Carolyn,Frey,1989-12-07,Intern,49004.80,,nweber@martin.com
122,Mark,Stephens,1979-10-18,Senior Developer,64381.44,5,daisy40@jacobson-holland.net
123,Matthew,Armstrong,1960-03-24,Consultant,72414.91,1,wesley70@greene.org
124,Allison,Sherman,1994-01-18,Senior Developer,94863.49,5,donna80@sexton.net
125,Brian,Green,1969-03-10,HR Manager,79020.37,3,freemanangela@johnson.com
126,Phillip,Oconnell,1967-10-04,Consultant,110854.71,2,brownsarah@craig-gregory.com
127,Kimberly,Howard,1984-05-15,Intern,51105.57,4,xpacheco@hicks-cantrell.org
128,Nicole,Gordon,1992-10-10,Senior Developer,49964.34,3,usimmons@wilson.info
129,Jonathan,Nelson,2004-01-15,Sales Representative,56539.14,,cantujennifer@perkins.net
130,Julie,Taylor,1974-07-09,HR Manager,78133.85,1,stephaniediaz@yahoo.com
131,Warren,Jones,1976-11-21,Intern,56392.69,5,joshuacrawford@gonzalez.com
132,Sonya,Miller,1992-02-02,HR Manager,80119.76,3,hmoreno@dixon-ray.com
133,Samuel,Welch,1967-06-28,HR Manager,90898.86,3,mwashington@yahoo.com
134,Troy,Knapp,1998-01-27,Intern,94029.13,4,christopher07@armstrong.net
135,Kelly,Brooks,1976-07-10,Intern,69552.33,,baileyjames@taylor.com
136,Luke,Bowman,1973-11-11,HR Manager,114630.85,3,smithkimberly@mendoza-allen.com
137,Mark,Schmidt,1990-10-01,Consultant,119961.99,,sanderson@yahoo.com
138,Angela,Johnson,1969-02-17,Consultant,118792.49,3,tina78@rubio.com
139,Jerry,Brown,2003-10-09,HR Manager,46763.27,4,vbrown@johnson-wolfe.net
140,Anthony,Jensen,1967-11-18,HR Manager,64731.73,2,wbrown@harris-hart.com
141,Patricia,Knight,1972-01-27,Senior Developer,78954.61,3,miguel94@welch-moore.com
142,Christopher,Fowler,1987-12-04,HR Manager,46341.45,5,brandicontreras@gmail.com
143,Theresa,Smith,1971-01-18,Consultant,34160.41,,wilsonedward@gmail.com
144,Elizabeth,Palmer,1970-10-16,Consultant,70598.86,5,ofoley@perez.com
145,Tracey,Davila,1999-07-23,Intern,42003.72,4,elizabethnewton@roberts.com
146,Amy,Alvarado,1997-11-22,Senior Developer,75730.71,1,reedlindsey@yahoo.com
147,Steven,Scott,1975-02-26,Senior Developer,59215.95,5,laura65@yahoo.com
148,Courtney,Taylor,2001-07-08,Consultant,74468.20,5,duncanmark@yahoo.com
149,Sean,Mcconnell,2005-04-06,HR Manager,108174.29,2,jmahoney@hotmail.com
150,Lisa,Harrison,2005-11-01,HR Manager,115760.28,,gordonaustin@hotmail.com
151,Michele,Dunn,1958-10-29,Intern,83431.75,,parkereric@lewis.com
152,Kimberly,Gonzalez,1983-09-13,Intern,37918.07,4,qmiller@nelson.biz
153,Jessica,Rodriguez,1973-03-06,Senior Developer,52950.76,5,christina01@gmail.com
154,Mike,Wright,1974-11-10,Senior Developer,53585.61,1,berryshelley@martin-cross.net
155,Craig,Frazier,1977-10-24,Sales Representative,85042.99,2,hawkinskevin@beltran.biz
156,Kyle,Rodriguez,1959-01-07,Senior Developer,64852.61,4,derek93@brown.org
157,Rebecca,Jenkins,1980-11-01,Sales Representative,65618.72,1,griffinjose@freeman.net
158,Ann,Owen,1998-12-17,Consultant,75542.66,,jwheeler@hicks.net
159,Donna,Anderson,1991-12-26,Sales Representative,62134.51,5,flemingrachel@hotmail.com
160,James,Wright,1980-10-10,HR Manager,64578.16,5,joshua32@young.info
161,Kimberly,Dominguez,1994-11-01,Sales Representative,82111.01,1,anthony39@lowe.com
162,Kenneth,Gross,1982-03-04,Sales Representative,111375.60,,victoria74@yahoo.com
163,Kyle,King,1978-10-18,Intern,39861.72,1,antonio64@hotmail.com
164,Peter,Brown,1965-02-21,HR Manager,84344.00,3,nnash@castillo.com
165,Charles,Fuller,1973-11-09,Senior Developer,66516.83,3,doylerichard@gutierrez.info
166,Lauren,Murray,1983-08-06,Intern,57370.24,5,rbrown@matthews.info
167,Carlos,Jackson,1978-05-30,Senior Developer,43484.78,1,mjennings@gmail.com
168,Chris,Johnson,1981-07-12,Consultant,85996.56,,gonzalescheyenne@gmail.com
169,Steve,Hughes,1998-09-24,Sales Representative,71734.71,1,brian98@yahoo.com
170,Jennifer,Smith,1974-03-04,Senior Developer,119129.91,1,glopez@hotmail.com
171,Melissa,Huerta,1972-06-04,Consultant,97568.01,5,tylervaldez@russell-hayes.net
172,Isaac,Reese,1966-01-24,Sales Representative,64368.97,2,ldavis@gmail.com
173,Theresa,Austin,1967-08-28,HR Manager,41534.87,1,danielle94@mccarty.net
174,Madison,Gibson,1974-02-17,Senior Developer,80128.74,4,kelseypeterson@mendez.com
175,Brittany,Nixon,1978-11-26,Consultant,85260.88,3,johnmiller@guzman.com
176,Michael,Sanchez,1997-07-07,Senior Developer,42543.64,5,alexandra37@gmail.com
177,Kelly,Miller,1992-12-30,Intern,52196.99,,emily25@marshall.biz
178,Lori,Knight,1974-12-12,HR Manager,83037.56,5,jordanemily@gmail.com
179,Meghan,Ryan,1962-05-03,Consultant,93219.21,3,amberadams@parker.com
180,Janice,Martinez,1968-02-13,Intern,66758.68,1,evansgregory@davis.com
181,David,Walsh,1999-06-04,HR Manager,117561.03,1,lozanoscott@hull.com
182,Christian,Roberts,1980-12-21,Intern,54321.21,2,jennifer66@hayden.com
183,Sean,Rodriguez,1971-12-18,Intern,67472.69,1,emoore@yahoo.com
184,Carmen,Ryan,1960-01-14,Sales Representative,43951.27,3,qroberts@yahoo.com
185,Sierra,Schmidt,1972-10-13,Senior Developer,111880.48,3,boydbrian@hotmail.com
186,Yesenia,Martinez,1988-12-30,Consultant,96572.79,4,angela60@yahoo.com
187,Andrew,Hill,1983-04-09,Intern,47644.51,4,ipierce@crawford.biz
188,Amy,Jackson,1996-05-05,Consultant,58093.17,,mgreen@gmail.com
189,Erin,Johnson,1992-07-08,Intern,49027.55,3,jordanrebecca@hotmail.com
190,Michelle,Flores,1982-03-31,Sales Representative,97660.04,1,leemitchell@walsh-ramsey.com
191,Sara,Horn,1987-12-12,Senior Developer,57767.17,5,crystalortiz@mills.info
192,Elizabeth,Leonard,1962-12-27,Consultant,68828.68,2,barbaraandrade@hotmail.com
193,Kimberly,Green,1964-10-27,Consultant,44948.29,5,andrew38@gmail.com
194,Andrew,Williams,1983-07-18,HR Manager,61746.24,,karen63@gmail.com
195,Katherine,Perry,1962-05-18,Intern,98959.47,1,ithomas@yahoo.com
196,Laura,Rose,1960-06-14,Sales Representative,72351.36,,harrelljohn@gmail.com
197,Jenna,Ray,2000-05-21,Intern,115372.34,1,rwebb@yahoo.com
198,Anthony,Michael,1995-08-09,Consultant,89215.88,3,jamesashley@gmail.com
199,Sheena,Proctor,1997-03-12,Intern,100961.69,5,tonymoore@yahoo.com
200,Carol,Lopez,1966-11-30,Intern,45714.85,1,daniellove@grant-morse.com
201,Makayla,Bowman,1988-01-18,Intern,81612.20,5,benderthomas@gmail.com
202,Mark,Love,1979-05-09,Sales Representative,117038.86,,qsanchez@lewis-estrada.org
203,Wyatt,Sawyer,1975-10-11,Senior Developer,44299.30,1,hannah74@silva-james.com
204,Sherry,Thomas,1986-06-30,Sales Representative,32060.09,,mercadojohn@lewis.org
205,Steven,Mcbride,1982-01-28,Senior Developer,102099.58,3,paynesabrina@hardy.net
206,John,Howard,1981-02-22,Sales Representative,115217.29,5,shawkathryn@yahoo.com
207,Jesse,Duran,1993-02-04,Consultant,101470.63,4,courtneyriddle@yahoo.com
208,Michael,Becker,1983-01-24,Sales Representative,101738.41,3,sherylswanson@campbell.info
209,Ethan,Barker,1975-01-10,Senior Developer,115871.32,5,vaughanjody@mcgee.net
210,Ryan,Bruce,1994-02-16,Senior Developer,43854.78,,gvaldez@diaz.net
211,Nicholas,Williams,1997-12-14,HR Manager,34297.48,5,pwang@yahoo.com
212,Lori,Frye,1997-08-18,Sales Representative,41270.58,4,davidwilliams@gmail.com
213,Kaitlyn,Lopez,2000-05-08,Consultant,106752.92,1,eric96@hotmail.com
214,Brandon,Dickerson,1964-08-30,Sales Representative,63808.94,3,qpeterson@harris-harrell.com
215,Chad,Jones,1970-01-21,Senior Developer,86134.30,1,grantpearson@graham.com
216,Amber,Mitchell,1986-12-14,Consultant,40803.60,1,ejohnson@yahoo.com
217,Scott,Thompson,1966-05-18,HR Manager,79257.67,,dgonzalez@morris.biz
218,Kimberly,Avila,1980-07-07,Sales Representative,70919.20,3,adam90@hanson.org
219,Crystal,Simmons,2003-07-12,Consultant,61899.31,1,halejohn@hotmail.com
220,Alicia,Mathis,1981-01-03,Senior Developer,81910.85,2,hwilliams@yahoo.com
221,Jordan,Smith,1960-12-24,Intern,30713.51,4,gary20@ho.biz
222,Michael,Carter,1965-04-15,Intern,68266.82,4,tford@sherman.net
223,Shannon,Myers,1999-03-31,Sales Representative,91240.00,,michelle98@gmail.com
224,Bridget,Bell,1969-10-15,Consultant,111247.94,1,kenneth79@yahoo.com
225,Emily,Bowers,2003-02-17,Consultant,102099.73,,hardycharles@yahoo.com
226,Shawn,Patton,1967-12-20,HR Manager,94871.57,,greenechristy@gmail.com
227,Maria,Ramirez,1993-12-16,HR Manager,50833.29,,qlee@yahoo.com
228,John,Barr,1971-09-28,HR Manager,30970.52,5,john57@cooper.com
229,Megan,Stevens,1973-05-18,HR Manager,66171.86,2,vmorrison@dawson-martin.com
230,John,Romero,1995-03-15,Sales Representative,75844.67,4,jenniferobrien@paul.com
231,Cynthia,Diaz,2000-10-01,Intern,108116.99,,barrchristopher@hotmail.com
232,Craig,Fields,1992-11-04,Senior Developer,38538.38,5,ricky69@hotmail.com
233,David,Moore,1990-11-21,Intern,38446.60,2,ryanmelissa@alexander-riddle.net
234,Kenneth,Owens,1991-05-27,Sales Representative,87089.66,,lgraham@erickson.com
235,Elizabeth,Johnson,1962-03-08,Consultant,72251.47,3,myersjason@ortega.org
236,Christine,Johnson,1981-01-21,Senior Developer,46187.73,,courtneymccormick@fuller-wu.com
237,Jesse,Wood,1962-10-31,Sales Representative,42382.53,3,tbryant@bates.biz
238,Julie,Tucker,1989-03-02,Sales Representative,83481.44,2,xgutierrez@day.org
239,Adam,Roberts,1962-02-21,Senior Developer,42173.52,,sydneymartin@cohen.com
240,Chase,Matthews,1967-10-05,Intern,44444.54,1,markwade@yahoo.com
241,Katrina,Young,1965-08-23,Consultant,103053.28,,frederickpeterson@yahoo.com
242,Anna,Gomez,1964-05-21,Sales Representative,66251.37,1,andrewwashington@yahoo.com
243,Christine,Day,1959-04-22,Consultant,112345.85,,karenthomas@yahoo.com
244,Nicole,Maxwell,1983-09-08,Intern,106508.73,1,blackstephanie@gmail.com
245,Patricia,Byrd,1997-02-12,Sales Representative,102473.45,3,xduran@yahoo.com
246,Heidi,Marsh,1961-07-05,Consultant,89851.50,4,htyler@yahoo.com
247,Janet,Long,1998-07-26,HR Manager,62545.44,5,dsantiago@gmail.com
248,Laura,Rogers,1993-02-04,Sales Representative,44935.34,3,fishermichele@trevino.biz
249,William,Gray,1982-06-19,Senior Developer,46639.49,2,pamelarobertson@chan.biz
250,Jeffrey,Williams,1984-04-08,HR Manager,80322.35,4,gsanchez@frey.info
251,Monica,Robinson,2006-02-18,HR Manager,34031.86,1,caseydonna@hernandez.info
252,Andre,Hall,2002-03-05,Intern,89515.74,4,janet24@yahoo.com
253,Natalie,Walton,1993-11-13,Senior Developer,52225.70,5,fmay@lee.com
254,Pamela,Thompson,1984-12-03,Sales Representative,52311.34,3,kellyrodriguez@castillo.net
255,Stephanie,Roberts,1977-02-11,Intern,116113.51,2,joyjackson@yahoo.com
256,Justin,Garner,1984-12-24,Consultant,104007.09,1,davidbrown@carrillo-johnson.com
257,Emily,Barnes,1994-01-26,Sales Representative,79094.68,5,obrienjean@graham-jones.com
258,Charlotte,Evans,1995-11-25,Intern,48768.09,4,christophergarcia@gmail.com
259,Michael,Wright,1959-01-29,Sales Representative,75880.58,4,matthewdavis@wagner.com
260,Edwin,Rojas,1970-09-30,Consultant,108003.88,1,vanessa09@gmail.com
261,James,Kidd,1994-12-31,Senior Developer,54316.97,5,moniquedavis@hotmail.com
262,Edward,Jones,1988-09-24,HR Manager,98247.59,3,zalvarado@dalton.com
263,Jason,Griffin,2005-04-30,Consultant,98910.39,4,frankbennett@sanchez.biz
264,Shelia,Mora,1961-01-12,Consultant,39068.57,,adamssara@gordon.com
265,Jessica,Cantrell,1988-11-08,Sales Representative,97978.18,3,chadwatson@gmail.com
266,Rhonda,Clark,2004-09-24,Senior Developer,84578.58,2,alancurtis@gmail.com
267,Kendra,Mathis,1998-07-19,Consultant,42305.96,4,hooverolivia@buchanan-clark.com
268,Alexandra,Cain,1981-10-15,Intern,47438.77,4,wigginsbrandi@valencia.org
269,Tiffany,King,2001-09-12,HR Manager,109922.72,3,charlene79@pollard.com
270,Rachel,Keller,1965-03-22,Intern,42055.16,1,vwhite@mcgee-burns.com
271,Michael,Hoffman,1966-12-24,Senior Developer,108394.02,5,ghaley@hotmail.com
272,Jesse,Norton,1963-11-09,HR Manager,57270.22,2,heather28@yahoo.com
273,Gregory,Bell,1977-01-30,Sales Representative,94981.31,2,yreyes@lynch-brown.info
274,Steven,Davidson,1980-01-17,Intern,46466.55,5,zramirez@bowers.com
275,Christine,Russell,1991-06-13,HR Manager,76719.29,1,gbailey@yahoo.com
276,Jonathan,Johnson,2004-01-17,Senior Developer,75138.81,3,danieltaylor@gmail.com
277,Eric,Schmidt,2005-12-01,Sales Representative,39495.11,3,emily09@evans.com
278,Robin,Fernandez,1999-10-07,Intern,35478.65,,jessica44@hotmail.com
279,Kimberly,Watkins,1971-02-12,Senior Developer,32630.04,5,williamssheila@howard.biz
280,Michael,Brown,1998-07-26,Intern,57383.86,,xrodriguez@murphy.biz
281,Julia,Rodriguez,1972-05-28,Intern,87338.34,,adam13@hotmail.com
282,Jason,Nelson,1972-01-20,Intern,51442.09,2,heatherlarsen@yahoo.com
283,Jason,Strong,1971-06-21,Sales Representative,101409.26,2,mollyramirez@simpson.com
284,Mary,Rogers,1983-07-04,Sales Representative,60220.94,1,benjamincole@hotmail.com
285,Kenneth,Fox,1969-07-11,Intern,58443.14,,mitchellwilliamson@young.com
286,Brian,Daniels,1978-07-26,Intern,116653.06,4,sanderschristopher@wolfe.info
287,David,Gross,1976-08-02,Senior Developer,72456.67,3,richardpotter@wright-franklin.info
288,Ronnie,Murphy,1984-07-22,Sales Representative,35624.86,5,moorejennifer@rodriguez.com
289,Frank,Harris,1975-06-14,Intern,50480.75,3,josephward@hotmail.com
290,Brian,Preston,1983-10-11,Sales Representative,83781.92,4,lunaalisha@barrett.com
291,Maria,Vargas,1986-11-03,Senior Developer,80513.14,5,millerlisa@hotmail.com
292,Charles,Fletcher,2003-09-01,Intern,85630.84,,joannortiz@mcbride.com
293,Linda,Wong,2001-04-19,Consultant,99774.43,2,carrjessica@harding-washington.com
294,Emily,Miller,1973-04-26,Intern,59197.24,5,ramirezblake@smith.org
295,Krystal,Fernandez,1962-03-08,Sales Representative,110367.54,,xmorrow@mcdaniel-krueger.net
296,Jacob,Simon,1988-02-25,Intern,115172.81,5,dmartinez@gmail.com
297,Blake,Spence,1994-11-02,HR Manager,117096.22,2,jacquelinemoore@foster-thomas.com
298,Alexander,Arellano,1987-08-09,Consultant,89597.47,3,mark78@rogers.com
299,Kathleen,Christian,1992-06-03,Senior Developer,34761.84,4,webbjoy@yahoo.com
300,John,Russell,1990-12-09,Consultant,63194.68,2,davislarry@gmail.com
301,Holly,Whitehead,1995-04-08,Sales Representative,86371.56,5,ann50@yahoo.com
302,Jillian,Hopkins,1990-08-13,Sales Representative,57306.62,,umartin@hotmail.com
303,Joseph,Vargas,2004-09-15,Senior Developer,34539.32,4,michael65@yahoo.com
304,Jeffrey,Welch,1993-03-09,Sales Representative,59963.13,3,caldwellmichael@gmail.com
305,Jennifer,Taylor,1996-11-11,Intern,112782.96,5,ryan88@bowman-west.com
306,Brian,Lowe,1982-09-08,Senior Developer,100980.14,3,haley44@sexton.biz
307,John,Rose,1960-05-18,Senior Developer,56143.89,4,hwoods@gonzalez-meyer.com
308,Andrea,Johnson,1974-05-10,Consultant,114672.64,4,martinnolan@abbott.com
309,Brian,Higgins,1965-08-22,Consultant,45766.10,3,sarah73@waller.net
310,Kelly,Benton,1977-03-08,Sales Representative,92359.61,3,jacksonkimberly@sanders-bauer.biz
311,Jasmine,Brown,1989-11-18,Consultant,64874.27,4,sheilafreeman@hotmail.com
312,Karen,Martin,1980-04-27,Intern,70595.73,3,vharris@davidson-gonzalez.com
313,Stephanie,Stephens,1963-03-22,Senior Developer,39989.43,2,twhite@gmail.com
314,Rachel,Hopkins,1991-01-15,Sales Representative,98536.00,3,jwilliams@gmail.com
315,Noah,Terry,2002-11-10,Senior Developer,70072.69,,arnoldkaren@perez.net
316,Jennifer,Lewis,1982-06-03,Senior Developer,115582.90,3,aarongreen@burke.biz
317,Rebecca,Buckley,1975-10-23,Sales Representative,115670.37,2,edwardblake@long.biz
318,Melinda,Petersen,1990-09-24,Sales Representative,52019.08,,wlittle@yahoo.com
319,Douglas,Williams,1961-03-18,Sales Representative,111776.78,1,ysmith@banks-hernandez.info
320,Wayne,Stuart,1986-09-17,HR Manager,73771.09,,gonzalesjoshua@torres.com
321,Alexis,Hale,1966-11-10,Intern,32918.87,1,hmiller@hotmail.com
322,Brandy,Ramsey,2002-12-25,Intern,106089.24,3,hectorgonzalez@rivera.net
323,Katherine,Page,1985-05-27,Sales Representative,56156.48,5,davidfriedman@cunningham.com
324,Shelby,Miller,1989-02-15,Intern,59181.41,4,travisnorman@riley-west.com
325,Amy,Harris,1967-06-24,Intern,82100.64,5,brian42@yahoo.com
326,Crystal,Wiley,1991-05-13,Consultant,115688.95,,renee30@curtis-williams.org
327,Peggy,Scott,1977-03-17,Senior Developer,68097.38,,davisabigail@meyer-price.net
328,Robin,Reyes,1978-01-27,HR Manager,93032.36,2,graycolin@graham.com
329,Brandy,Mclean,2001-03-20,Senior Developer,92967.69,,laraalicia@rivera.info
330,Francisco,Dillon,1975-02-22,Senior Developer,58381.10,1,tony77@green.net
331,Stephanie,Orr,1968-10-14,Consultant,86311.71,3,greenjoseph@yahoo.com
332,Rachel,Williams,1977-08-05,Consultant,53544.96,3,michaelhenderson@sweeney.com
333,Jennifer,Fitzgerald,1999-01-22,Consultant,106747.56,,wdavis@gmail.com
334,Joanna,Flowers,1958-11-28,Consultant,31278.15,,stewartryan@parks.com
335,Paul,Jones,1988-03-07,Intern,47427.88,5,clarkecathy@hotmail.com
336,Kathleen,Richardson,1969-07-16,HR Manager,30682.99,,ian21@smith-duncan.org
337,Ronald,Scott,1976-06-25,HR Manager,49150.83,3,kayla25@gmail.com
338,Jessica,Jackson,1984-09-24,Sales Representative,59507.92,5,eaustin@parker-may.com
339,Jeffrey,Richardson,1970-01-03,Intern,45564.86,3,dflores@gmail.com
340,Matthew,Carrillo,1981-09-08,Intern,37446.49,,cookzachary@hotmail.com
341,Heather,Park,1994-06-25,Consultant,57155.91,3,johnking@proctor-hernandez.net
342,Madison,Williams,1971-08-08,Sales Representative,35969.18,2,karen01@hotmail.com
343,Amanda,Chavez,1977-08-14,Consultant,111644.51,,cdixon@glenn.com
344,William,Ramirez,1970-11-05,Intern,99736.10,1,ebutler@yahoo.com
345,Stephanie,Hines,1988-09-18,Senior Developer,62854.67,2,jamesjohnson@yahoo.com
346,Terry,Sanchez,1997-05-19,HR Manager,94820.71,,proctorrobert@boyd.com
347,Vincent,Lawson,1973-09-25,HR Manager,40883.04,4,paulwilliams@gmail.com
348,Rachel,King,1983-06-18,Sales Representative,112199.25,5,elizabeth33@carney.org
349,Maria,Rodriguez,1984-06-25,Intern,95664.79,1,cynthia56@bowen.com
350,William,Jones,1959-05-26,Senior Developer,47334.59,,npowell@yahoo.com
351,John,Russell,2000-08-23,Senior Developer,75325.99,2,shannon82@gmail.com
352,Jennifer,Peterson,1966-03-14,Senior Developer,111365.76,4,andrewkennedy@barrera-dennis.com
353,Jeffrey,Flores,1983-05-07,HR Manager,108763.75,2,gmccarthy@gmail.com
354,Timothy,Johns,2000-03-07,Sales Representative,103562.24,5,zrichardson@yahoo.com
355,Anna,Lee,1990-11-10,Intern,74672.77,,debraortiz@yahoo.com
356,Mitchell,Frazier,1959-02-03,Consultant,117907.24,,jason66@johnson-adams.org
357,Nancy,Brandt,1962-08-13,HR Manager,117904.58,5,kevinswanson@gmail.com
358,Brenda,Stone,2005-10-27,Intern,42666.15,2,jason23@brewer.com
359,Denise,Bautista,1991-07-28,Senior Developer,110327.94,,cheryl03@howard.com
360,Scott,Jones,1977-03-08,Senior Developer,30264.02,2,steelejason@thompson.com
361,Kristin,Moss,2002-11-21,Consultant,97945.02,2,tara02@swanson.info
362,Robert,Mack,1967-06-30,Intern,109012.03,1,judykennedy@fry-jimenez.com
363,Kathryn,Reeves,2006-03-05,HR Manager,64939.57,1,taylor50@jordan.org
364,Mark,Greene,1975-05-16,Consultant,57536.44,,curtisortiz@hotmail.com
365,Ryan,Walsh,1963-07-31,HR Manager,101226.06,4,gregory91@yahoo.com
366,Daniel,Rodriguez,1987-10-13,Senior Developer,79036.98,,jaredsullivan@hotmail.com
367,Antonio,Peck,1966-09-02,Consultant,104772.93,2,pcarlson@orr.org
368,Bryan,Yoder,1991-01-07,HR Manager,47262.19,5,newtondavid@gmail.com
369,Michael,Howard,1993-09-11,Sales Representative,102581.66,4,timothycooper@yahoo.com
370,Cindy,Vaughn,1980-02-25,Consultant,92065.55,5,gbarnett@hotmail.com
371,Brianna,Holmes,2002-01-19,Senior Developer,72214.81,5,stevengilbert@yahoo.com
372,Timothy,Kelley,2001-01-09,Sales Representative,79224.84,2,jtaylor@villegas.info
373,Margaret,Holmes,1990-05-27,Consultant,119786.82,2,josephadams@anderson-wright.com
374,Michael,Tate,1965-01-18,Sales Representative,52237.88,5,gilberteric@hotmail.com
375,Peter,Reeves,1992-09-19,Intern,37100.10,3,smithmelanie@gmail.com
376,Veronica,Vaughan,1980-01-02,Consultant,85805.37,3,brittanyreed@gmail.com
377,Brian,Brown,1995-12-07,Consultant,93389.78,1,lopezkatherine@martinez-simpson.com
378,Michael,King,2001-10-15,Sales Representative,54747.36,2,hendersontina@williams-jimenez.com
379,Chad,Butler,1973-01-27,Intern,99512.39,,humphreysteven@jones.com
380,Daisy,Booth,1992-04-24,Consultant,75154.85,2,ganderson@gmail.com
381,Carol,Morris,1997-11-07,Intern,31685.24,,brightmikayla@vasquez-kim.com
382,Mark,Taylor,1988-12-29,HR Manager,38868.98,3,oevans@hayes.org
383,Rhonda,Potter,1972-12-17,Intern,118430.73,3,grayjoyce@bright.org
384,Ana,Bell,1980-10-20,Consultant,81185.87,4,seanbarron@yahoo.com
385,Devon,Daniels,1958-12-05,Consultant,65170.35,1,crystal70@hotmail.com
386,Andrea,Rivas,1992-11-25,HR Manager,30302.24,,riverabenjamin@gmail.com
387,Sean,Brown,1969-01-22,Consultant,34892.31,1,stewartkristen@wood.biz
388,Michelle,Long,1997-06-07,HR Manager,61051.41,2,benjaminpatel@hotmail.com
389,Suzanne,Morris,1962-12-22,Sales Representative,30655.28,2,kchavez@yahoo.com
390,Andrea,Smith,1981-12-29,HR Manager,32653.63,4,parkerjennifer@king.com
391,Jason,Hill,1959-11-26,HR Manager,94923.35,5,bakerjames@hotmail.com
392,Carla,May,2003-11-19,HR Manager,54049.63,4,csmith@anderson-kent.net
393,Kimberly,Weber,2000-04-21,HR Manager,117891.61,3,tkim@hotmail.com
394,Dale,Keller,1976-06-09,HR Manager,60262.73,5,yjohnson@anderson.biz
395,Adam,Richardson,1994-06-09,Intern,60080.41,1,andrewsann@yahoo.com
396,Antonio,Smith,1979-06-25,Sales Representative,116060.81,,anna64@bush.com
397,Patricia,Livingston,1991-01-10,Consultant,37376.46,,daniel46@gmail.com
398,Deborah,Friedman,2006-04-19,Consultant,100966.43,5,oprice@davis-smith.com
399,David,Beard,1970-03-14,Intern,39252.35,,tbradley@reyes-cruz.com
400,Karen,Anderson,2001-08-15,HR Manager,37567.67,,nicholas06@rodriguez.com
401,David,Bullock,1979-02-07,Consultant,76711.20,3,scottsara@yahoo.com
402,Lori,Harrison,1991-03-13,Consultant,109548.50,2,drewsanders@wright.com
403,Matthew,Hopkins,1978-01-18,Sales Representative,88488.84,2,ylynch@hotmail.com
404,Michele,Moon,1985-07-27,HR Manager,71777.82,4,michelehudson@hotmail.com
405,Richard,Mueller,1985-10-18,Intern,77293.41,,zachary58@yahoo.com
406,Kelsey,Newman,2005-04-10,HR Manager,36979.76,5,ysavage@taylor-hinton.info
407,Laura,Soto,1964-02-10,Senior Developer,98504.25,4,edward05@yahoo.com
408,Kim,Shaw,2004-06-24,Sales Representative,41993.39,4,amanda97@brown.net
409,Ashley,Rodriguez,1976-08-28,Consultant,46714.95,2,linda61@miller-norton.com
410,Benjamin,Mathews,1996-11-26,Consultant,91098.13,1,grosskevin@yahoo.com
411,Mike,Cruz,1988-01-26,Senior Developer,92926.56,4,melaniewade@yahoo.com
412,Mark,Pearson,1963-08-08,Sales Representative,95760.54,5,millerderek@hotmail.com
413,Destiny,Lowe,1964-04-02,HR Manager,37996.98,5,cameron06@edwards-hampton.biz
414,Mathew,Wheeler,1974-12-22,Sales Representative,99121.98,4,curtis92@yahoo.com
415,Bobby,Green,1995-10-01,Sales Representative,68739.02,3,boothjulie@gmail.com
416,Holly,Garner,1988-12-19,Consultant,117845.41,3,moorejohn@yahoo.com
417,Drew,Duffy,1960-12-27,Sales Representative,99920.02,1,lisa33@hotmail.com
418,Ryan,Graves,1996-05-02,HR Manager,82549.79,2,davidsummers@tate.com
419,John,Peck,1964-09-22,Sales Representative,99383.43,2,patrick03@dunn.com
420,Alexander,Roberts,1961-12-03,HR Manager,43645.53,3,petersonrobin@burton-neal.com
421,Robert,Bradford,1978-06-27,Sales Representative,35028.03,3,mannjeremiah@gmail.com
422,Crystal,James,1983-09-12,Consultant,112081.87,1,stevenjordan@hotmail.com
423,John,Fields,1968-06-11,Senior Developer,61928.83,4,davidbrown@gmail.com
424,Gregory,Cisneros,1988-01-19,Senior Developer,33726.44,4,oallen@hotmail.com
425,Alexandra,Waller,2004-09-15,Intern,38919.25,,mitchell26@hotmail.com
426,Martha,Miller,1984-02-25,HR Manager,114815.73,3,marymendoza@stewart.net
427,Charles,Sanchez,1995-02-01,Consultant,86894.76,1,tiffany08@gmail.com
428,Lisa,Allen,1962-03-27,Senior Developer,38067.86,4,lauracurtis@rivera-pollard.org
429,Alexander,Scott,1982-03-28,Consultant,90114.65,3,rkramer@lewis-holloway.biz
430,Aaron,Bates,1985-03-25,Consultant,89770.56,2,cameroncolleen@hale-jones.com
431,Kelly,Spence,2001-10-18,Sales Representative,78037.30,3,jmorrow@adkins.info
432,Leslie,Richards,1985-01-19,HR Manager,54414.06,,armstrongpaul@hotmail.com
433,Eric,Owens,1962-02-24,HR Manager,97718.14,,robertrussell@hotmail.com
434,Kirk,Romero,1990-05-23,HR Manager,103439.66,4,kimstephen@blackwell-drake.com
435,Samantha,Molina,1992-12-19,Senior Developer,76712.68,4,lori95@gonzales.com
436,Roberto,Nicholson,1974-05-29,Consultant,45603.35,5,davisrebecca@mcpherson-brown.org
437,Shelly,Butler,2003-01-08,HR Manager,63721.21,1,idrake@gaines-adkins.biz
438,Jessica,Jones,1993-08-02,Sales Representative,38279.73,1,amberrichards@calderon.net
439,David,Buchanan,1986-05-29,Consultant,51010.94,5,ashley40@allen-spence.com
440,Natalie,Price,1983-02-18,Sales Representative,82188.08,1,rileynicholas@arellano.info
441,Dylan,Schneider,1963-04-07,Intern,85533.40,,gregory31@fletcher.info
442,Gregory,Alvarez,1993-03-04,Senior Developer,64473.67,4,katherine80@oliver.org
443,Eric,Johnson,1960-06-11,HR Manager,38395.30,4,stacy42@yahoo.com
444,Ariel,Butler,2002-08-21,HR Manager,32797.03,4,monroelori@yahoo.com
445,Nicholas,Davis,2003-01-04,Senior Developer,81360.56,,kbyrd@gmail.com
446,Julie,Freeman,1983-10-07,Senior Developer,41445.00,,jamiepaul@hotmail.com
447,Dillon,Yang,1986-04-08,Consultant,119538.50,2,michellehernandez@rivera-jackson.com
448,Timothy,Moore,1964-01-27,Sales Representative,30086.22,3,moorekenneth@hotmail.com
449,Rebecca,Davis,1983-12-16,Sales Representative,87789.42,,morrisrobert@hotmail.com
450,Mark,Green,1976-11-19,HR Manager,117703.33,3,frankwallace@gonzales.biz
451,Theresa,Mitchell,1999-05-22,Sales Representative,55143.61,2,diane38@sutton.com
452,Jeffrey,Lewis,1964-05-26,HR Manager,38482.21,2,dhall@yahoo.com
453,Lawrence,Smith,2004-12-08,Consultant,100421.99,,hicksrachel@nichols-moreno.com
454,Caitlin,Baker,1989-01-09,Intern,64854.37,2,athomas@hotmail.com
455,Jennifer,Miller,1977-03-29,Intern,78983.14,5,jking@yahoo.com
456,Clinton,Benson,1966-09-24,Senior Developer,32662.29,,patrick81@curry.com
457,Felicia,Pratt,1961-08-19,Senior Developer,98961.81,1,floresbrittany@hotmail.com
458,Jacob,Spears,1983-02-06,Sales Representative,87728.06,4,hannah83@gmail.com
459,Daniel,Sutton,1996-01-14,Intern,48709.64,,steven42@bell.info
460,Jose,Campbell,1985-12-16,Consultant,64234.59,4,nataliewilliamson@white.com
461,Kyle,Elliott,1961-11-21,Consultant,93346.89,2,kelly89@lee-moore.com
462,Mark,Johnson,1990-07-12,Intern,99391.11,3,danielskayla@gmail.com
463,Tyler,Lewis,1977-02-15,HR Manager,34542.44,5,jalexander@gmail.com
464,Cindy,Beard,1960-11-13,Consultant,66282.71,4,jimenezkenneth@bauer.com
465,Austin,Sharp,1971-05-16,Consultant,80927.05,3,kellyjames@hotmail.com
466,Carol,Decker,1992-05-18,Senior Developer,96482.66,2,dennis35@gmail.com
467,Danielle,Ray,1993-05-19,Consultant,46677.28,2,foxerika@yahoo.com
468,Sharon,Wood,1961-04-28,Intern,107976.02,1,jeremy39@alexander-coleman.net
469,Michael,Luna,1985-04-15,Consultant,58310.45,3,sonya52@johnson.com
470,Jose,Wells,1959-10-18,Consultant,113890.77,3,andrewsbrittany@hotmail.com
471,Jennifer,Smith,2006-06-29,Consultant,68286.53,3,astafford@gmail.com
472,Melvin,Kennedy,1991-08-30,Consultant,31534.12,2,heidi10@gmail.com
473,Alyssa,Ortega,1961-03-01,Sales Representative,112626.48,3,evelyn10@walter.com
474,Catherine,Manning,1984-11-04,Intern,74316.00,2,ejackson@hotmail.com
475,Javier,Mills,1976-07-30,Intern,90681.64,1,stewartjoseph@yahoo.com
476,Linda,Gallagher,1985-02-05,Sales Representative,75683.28,5,vargascrystal@larsen-mendoza.com
477,Michele,Wright,1977-03-11,Consultant,64778.53,5,chavezcynthia@smith.com
478,Cathy,Garza,1972-10-13,HR Manager,100071.86,3,pennythomas@osborn.com
479,Catherine,Dixon,1998-10-11,Consultant,77880.33,,cwhite@greer.biz
480,Jennifer,Shaw,1987-10-27,Sales Representative,52149.75,3,caitlin45@parsons.net
481,Bianca,Hayes,1980-04-17,HR Manager,77736.85,4,ohayes@gmail.com
482,Kelsey,Watson,1994-04-09,HR Manager,86939.96,4,melissagarcia@gmail.com
483,Jason,Taylor,1974-03-01,Sales Representative,89931.30,5,danabooker@gmail.com
484,Elizabeth,Cruz,1994-12-31,Intern,89269.00,3,bmartinez@bailey.info
485,Dawn,Maldonado,1964-08-12,Intern,52198.43,,qjones@dominguez.biz
486,Cindy,Robinson,2001-10-24,Sales Representative,46160.13,4,jamesbaldwin@harrington.org
487,Brian,Smith,1981-09-12,Consultant,84714.66,3,stevewilliams@brown.com
488,Pamela,Thompson,1971-09-01,Senior Developer,59106.72,,anthonywilson@yahoo.com
489,Daniel,Anderson,1990-11-13,Intern,53033.77,3,reeddalton@hotmail.com
490,Cynthia,Anderson,1977-12-27,HR Manager,69823.10,5,vfields@brown.org
491,Jack,Mckinney,2000-08-03,HR Manager,100584.35,1,jameshall@robertson.com
492,Margaret,Edwards,1986-12-19,Intern,31105.98,5,melissanichols@mccullough.com
493,Sarah,Horton,1999-06-03,Intern,101648.88,,christopher06@yahoo.com
494,Mitchell,Johnson,1982-02-26,HR Manager,32384.62,,charlesgarza@martin-orozco.com
495,Ryan,Burns,1975-11-03,Sales Representative,110689.89,4,alexandra61@white.info
496,Charles,Campbell,1981-01-12,HR Manager,86001.19,,qmiller@sullivan.com
497,Danny,Williams,1994-05-15,Consultant,40548.23,5,donnalivingston@deleon.com
498,William,Smith,1980-02-23,Intern,91782.54,5,tracyjohnson@hotmail.com
499,Johnny,Patterson,1992-08-06,Consultant,36821.01,,zbailey@yahoo.com
500,Tiffany,Hernandez,1970-09-21,Consultant,77742.69,5,khuerta@mills.com
501,Dana,Newman,1983-05-14,Senior Developer,98559.71,4,nicholsmichael@norton.biz
502,Mark,Smith,1991-01-23,Consultant,78460.99,1,larmstrong@hotmail.com
503,Kimberly,Holt,1998-05-04,Sales Representative,102788.16,,ffrazier@hotmail.com
504,Gregory,Mason,1997-04-27,HR Manager,107569.67,4,abigailhayes@hotmail.com
505,Elizabeth,Marshall,2001-07-14,Intern,57794.25,3,jeremiahhenry@hotmail.com
506,Roger,Young,1958-10-26,HR Manager,105470.48,1,rebecca38@martinez.biz
507,James,Parks,1985-06-17,Intern,58594.96,3,angelamoss@hawkins-smith.com
508,Marcus,Turner,2005-02-06,Consultant,119079.31,3,barry49@alexander.net
509,John,Jones,1977-04-03,Sales Representative,110750.90,5,garciasteven@yahoo.com
510,Joseph,Singh,1958-09-20,Consultant,101523.34,,jacob16@vargas-grant.biz
511,Deanna,Thompson,2006-08-17,Sales Representative,101944.81,1,hebertcourtney@hood.com
512,Danielle,Davis,1979-11-14,Consultant,63093.51,1,mcdonaldjohn@parker.org
513,Nichole,Taylor,1974-08-25,HR Manager,54735.68,,gclark@yahoo.com
514,Tony,Crawford,1974-07-27,Consultant,95221.35,2,duncanwesley@oliver-kelley.org
515,Ashley,Horton,1987-02-02,HR Manager,79621.77,5,todd90@gmail.com
516,Jason,Freeman,1981-10-05,Senior Developer,78052.23,4,andreasmith@spencer.info
517,Jeffery,Woodward,1974-11-29,Senior Developer,98837.39,5,uhamilton@yahoo.com
518,Luis,Waller,1978-08-18,Sales Representative,38193.22,5,jared10@woods.org
519,Michael,King,1985-12-16,HR Manager,45231.25,2,matthew98@hotmail.com
520,Kellie,Rodriguez,1965-08-25,Consultant,35236.12,3,smithanthony@carter-phillips.com
521,Gerald,Green,1965-08-23,Consultant,53853.26,5,qhoward@donovan-owen.com
522,William,Day,1964-02-09,Consultant,53848.51,3,aprilrobinson@campbell.org
523,Sonya,Bryan,1982-07-22,Consultant,73311.59,3,michaelherrera@melendez.com
524,Joshua,Roberts,1982-10-12,Sales Representative,119183.57,3,aprilcantu@davis.com
525,David,Romero,1978-08-12,Senior Developer,41731.51,3,kristine86@yahoo.com
526,Cody,Phillips,1987-12-26,Intern,50127.54,,ccampos@montgomery.net
527,Jaime,Shaw,1971-02-22,Sales Representative,44543.54,1,jeremystephens@hotmail.com
528,Thomas,Gonzalez,1978-11-20,Consultant,96977.93,,haasjohn@kaiser.org
529,Michael,Boyer,1999-04-02,Consultant,67807.25,4,emilyedwards@yahoo.com
530,Gregory,Rowe,1971-04-14,Intern,41895.19,1,rbass@wilson-gill.com
531,Sarah,Martin,1986-07-29,Senior Developer,36499.65,3,rogerspamela@bartlett-campos.org
532,Jasmine,Kim,2001-08-18,Consultant,91039.55,3,branchjoshua@cooper.com
533,Amy,Rice,1983-02-20,Consultant,105705.44,4,crystalwhite@gmail.com
534,Steven,Jones,1984-10-15,Sales Representative,47919.62,1,ramoschristina@hardy-anderson.com
535,Jonathan,Cross,1969-11-14,HR Manager,90503.40,4,darlene80@hotmail.com
536,Renee,Randall,1979-08-06,Consultant,77125.21,5,phillipsbrenda@howard.com
537,Rebecca,Soto,1963-12-15,Intern,96099.70,3,blong@gmail.com
538,Jared,Edwards,1972-12-04,Intern,46743.49,,jennifer33@kennedy.org
539,Douglas,Ewing,1985-10-19,Sales Representative,46404.04,,tyrone83@yahoo.com
540,Lauren,Owen,1996-03-21,Consultant,75213.63,,malloryharris@walker.org
541,Robin,Kelly,1965-08-08,Consultant,104634.38,4,fbarr@gmail.com
542,Wanda,Mccoy,1993-01-09,Consultant,30591.28,2,rebeccaharris@hotmail.com
543,Wendy,Sanchez,2006-04-17,Sales Representative,73614.81,1,nelsonjohnny@gmail.com
544,Bradley,Lindsey,1961-09-14,Sales Representative,103150.94,3,emonroe@hotmail.com
545,Michael,Lucas,1980-02-02,Intern,38797.54,2,lonnie10@gmail.com
546,John,Bass,2003-03-16,Consultant,92143.70,4,ifrazier@gmail.com
547,Stephanie,Aguilar,1967-09-12,Consultant,50534.28,2,qrogers@gmail.com
548,Charles,Hatfield,1973-06-11,Sales Representative,71647.63,4,wpatrick@hernandez-jimenez.com
549,Gregory,Smith,1978-05-07,Intern,55680.14,5,martintonya@yahoo.com
550,Deanna,Mosley,1985-06-27,Senior Developer,66743.65,4,amy78@yahoo.com
551,Rickey,Walsh,1961-01-08,Consultant,111563.23,,corozco@hotmail.com
552,Brianna,King,1963-07-17,Intern,60375.96,,sarah54@hotmail.com
553,Antonio,King,1969-07-13,Senior Developer,110401.16,,melissa52@hotmail.com
554,Lisa,Hunter,2000-07-12,Sales Representative,73006.90,3,kara24@gmail.com
555,Brenda,James,1971-08-03,Consultant,66949.21,3,john59@gmail.com
556,Natasha,Harris,1988-06-29,Senior Developer,81227.46,2,markthomas@taylor.com
557,Michael,Abbott,1975-11-09,Senior Developer,88139.09,3,daniellewilson@hotmail.com
558,Sandy,Newman,1997-12-21,Consultant,87680.73,,nnguyen@gmail.com
559,Leslie,Payne,1990-03-31,Consultant,37122.37,5,deborahwatson@gmail.com
560,Sarah,Davis,1965-03-29,HR Manager,96322.20,4,janet83@yahoo.com
561,Sarah,Williamson,1959-06-02,Senior Developer,78560.88,1,mdean@yahoo.com
562,Melanie,Smith,1999-04-22,HR Manager,66433.25,1,sheryl19@gmail.com
563,Denise,Hall,1967-12-17,Intern,64048.95,,robert55@reed.org
564,Jerry,Martin,1981-04-11,HR Manager,85042.17,5,gkane@hotmail.com
565,Cassie,Pham,1976-02-05,Consultant,112305.59,3,kidddaniel@hotmail.com
566,Jack,Lang,1999-04-02,Sales Representative,117878.75,1,pricebrian@gmail.com
567,Brandon,Clark,1972-03-15,Consultant,78657.47,3,kimberly36@armstrong-johnson.com
568,Jason,Benson,1989-05-04,Consultant,115182.93,2,donna40@hotmail.com
569,Kimberly,Reyes,1995-06-19,HR Manager,117290.03,4,xrichards@reed.com
570,April,Goodwin,1972-09-06,Consultant,109891.34,,hillashley@butler.com
571,Thomas,Stafford,1963-06-26,Consultant,97808.66,1,jonathonray@hudson.com
572,Justin,Marshall,1973-11-08,Sales Representative,35486.09,,hannah60@yahoo.com
573,Cesar,Phillips,1958-09-09,Senior Developer,40122.28,,stewartmichael@ramirez-brown.com
574,William,Brown,1988-02-22,Senior Developer,98169.43,,danielle94@johnson-escobar.com
575,Brian,Larson,1989-06-29,Consultant,30579.46,4,daniel36@mcdonald.com
576,Michael,Sanchez,1990-12-14,HR Manager,39856.75,2,dgoodwin@yahoo.com
577,Melinda,House,1978-05-23,Consultant,56456.11,2,fieldskyle@hudson.info
578,Elizabeth,Anderson,1966-08-26,Intern,56754.51,4,hannah39@hernandez.com
579,Thomas,Smith,1960-01-03,Senior Developer,57511.84,2,jessica32@hotmail.com
580,Paul,Baker,1974-09-28,Consultant,83558.25,3,jsherman@kramer.com
581,Annette,Rios,1974-05-31,Senior Developer,96075.77,4,kylemccarthy@clark-johnson.com
582,George,Lee,2003-09-01,Intern,43995.47,,jeremiahlogan@hotmail.com
583,Jerry,Martinez,1960-11-27,Sales Representative,61723.88,2,ireyes@yahoo.com
584,Natalie,Williams,1989-01-17,Consultant,32292.70,4,alexander42@armstrong.com
585,Andrew,Park,1967-08-12,Senior Developer,69759.64,2,amorrow@yahoo.com
586,William,Reyes,1984-10-23,Sales Representative,58208.76,2,bentleybrandon@hart.com
587,Timothy,Diaz,1989-01-06,Intern,50311.58,3,vargasashley@gonzalez-peck.com
588,Jason,Saunders,1991-10-02,Senior Developer,93256.96,3,terri76@jackson-graham.info
589,Marissa,Barr,1996-12-28,HR Manager,100235.43,3,emily20@gmail.com
590,Veronica,Perkins,2003-05-17,Consultant,83155.51,2,vjones@gmail.com
591,Roger,Lee,1971-11-12,Senior Developer,114578.40,,barrymahoney@hotmail.com
592,Barbara,Richardson,1990-05-25,Senior Developer,109320.49,1,gregory67@yahoo.com
593,April,Martinez,2003-05-27,Sales Representative,54614.80,5,nmeyers@bridges-vega.com
594,Michael,Scott,1960-10-18,Intern,114578.98,3,hoodsarah@gmail.com
595,Julie,Giles,1992-02-27,HR Manager,62069.20,4,richardbuck@hotmail.com
596,Andrew,Keller,1965-08-07,Intern,90253.22,1,hrogers@gomez-king.info
597,Heather,Thompson,1969-06-17,Senior Developer,71916.63,3,aaronburnett@arnold-johnson.com
598,Joseph,Martin,1996-05-20,Sales Representative,97634.15,1,sandrews@hotmail.com
599,George,Miller,1988-02-06,Consultant,39369.99,5,grosssamuel@wyatt-burgess.biz
600,Jeffrey,Rice,1964-11-13,HR Manager,48932.24,1,cesar44@miller.org
601,Russell,Hurst,1999-12-28,Intern,50654.91,5,crodriguez@hotmail.com
602,Kaitlyn,Bautista,1996-08-23,Senior Developer,104895.36,4,rpatterson@hotmail.com
603,Tim,Miller,1980-04-14,HR Manager,116186.80,2,sparker@edwards.com
604,Meredith,Thompson,1994-03-27,Sales Representative,53256.17,4,jamesharris@james-payne.com
605,Brian,Gonzalez,1981-09-09,Intern,33496.20,3,carmennicholson@branch-jackson.org
606,Richard,Walker,1968-01-30,Consultant,110639.82,5,melaniebarnett@yahoo.com
607,Douglas,Smith,1962-01-24,Intern,78681.24,,nicholas99@gmail.com
608,Tracey,Cortez,1999-11-26,HR Manager,112667.49,,kathryn68@hernandez.com
609,Joseph,Patrick,1982-01-20,HR Manager,76765.40,4,deborah24@carlson-perry.com
610,James,Carter,2000-01-08,Sales Representative,110497.54,4,christopher66@bradley.com
611,James,Stephens,2000-06-09,Intern,61241.59,2,margaret52@ward.biz
612,Gina,Lindsey,2005-08-18,HR Manager,60662.75,1,fsanders@yahoo.com
613,Kristen,Garner,1982-05-30,Sales Representative,40231.33,2,cesarrosario@chavez.biz
614,David,Bird,1961-01-16,HR Manager,45241.36,1,lisa06@martin-reed.com
615,Julie,Moss,1972-07-20,HR Manager,118793.23,4,vochoa@craig.com
616,Monique,Barnes,1967-12-04,Sales Representative,41031.53,,john53@yahoo.com
617,Kimberly,Martinez,1973-10-02,Sales Representative,99630.97,1,aguilardustin@jordan.com
618,Cindy,Valdez,1998-11-01,Senior Developer,102968.07,5,sdavidson@hotmail.com
619,Sarah,Henson,2004-10-22,Consultant,85532.75,4,djohnson@bruce.info
620,Dustin,Horne,1979-01-29,HR Manager,36275.31,5,krystalray@hotmail.com
621,David,Lowery,1973-06-14,HR Manager,87077.55,5,pedwards@hotmail.com
622,Katrina,Luna,1987-11-26,Sales Representative,45094.85,1,camposdean@palmer.biz
623,Heather,Bentley,1963-03-11,Senior Developer,82963.64,,sarahwilson@gmail.com
624,Martha,Black,1985-08-22,Sales Representative,101517.90,3,hharvey@yahoo.com
625,Emily,Adams,1996-05-12,Intern,88140.18,2,kanderson@williams.biz
626,Lisa,Lee,1984-01-29,Consultant,34119.67,5,wwinters@yahoo.com
627,Carmen,Brooks,1997-12-08,HR Manager,107699.97,3,jameswolf@bryant-mitchell.com
628,Lindsay,Ward,1976-11-01,HR Manager,32690.10,2,dawn26@yahoo.com
629,James,Horton,2003-10-24,Sales Representative,111335.46,5,fieldstyler@pace-mitchell.com
630,Matthew,Adams,1969-06-18,Consultant,35382.53,1,mirandarodriguez@yahoo.com
631,Brandon,Taylor,1972-05-10,Consultant,53550.56,4,iellis@gmail.com
632,Tim,Davis,1990-04-07,Senior Developer,107161.06,4,juliescott@yahoo.com
633,Patrick,Glass,1961-11-18,Intern,57652.22,1,warrenalan@brooks-sandoval.com
634,Sergio,Miller,1981-04-07,Senior Developer,59199.36,,lindsayallen@hotmail.com
635,Robert,Smith,1960-07-16,Consultant,44289.56,3,mcdanielgerald@peterson-beck.biz
636,Diane,Stone,1978-03-17,Consultant,117964.56,2,christine27@hotmail.com
637,Cynthia,Carrillo,1995-05-31,Sales Representative,52048.54,3,madison52@gmail.com
638,Emily,Russell,1973-12-22,Consultant,40440.81,,lharris@hotmail.com
639,Brian,Johnson,1978-04-12,Intern,87477.63,,sullivanmichael@perez-campbell.net
640,Tiffany,Richards,1976-08-19,Sales Representative,72965.70,2,bonddwayne@russo.com
641,Anthony,Baker,1993-10-08,Consultant,91456.94,2,edwardwilson@gmail.com
642,Jodi,Mills,1980-01-31,Sales Representative,39650.02,1,vaustin@young.net
643,Christopher,Henderson,1973-08-18,Senior Developer,61926.32,2,mary85@hotmail.com
644,Alyssa,Gilmore,1966-04-08,Senior Developer,63366.15,3,bdixon@yahoo.com
645,Sandra,Johnson,2004-01-25,Consultant,89424.52,2,adamwallace@patterson.biz
646,Daniel,Tran,1966-03-11,Sales Representative,70879.72,3,deanalicia@brown.com
647,Melissa,Delgado,1962-01-05,Consultant,100658.59,4,jacqueline61@collins-holt.com
648,Stephanie,Miller,1987-03-31,Consultant,47857.36,5,paigecarter@hotmail.com
649,Scott,Walker,1985-07-28,Consultant,101286.14,5,adampatel@hotmail.com
650,John,Bright,1998-12-11,Intern,56502.84,5,swansonkenneth@gmail.com
651,Mark,Roberts,1966-07-04,Consultant,88967.57,2,john80@burton.org
652,Melody,Moran,1994-07-22,Sales Representative,81216.91,,brian46@mcguire.com
653,Todd,Duffy,2005-05-14,Sales Representative,64792.95,3,wmeyer@rhodes.com
654,Alyssa,Johnson,2003-10-17,HR Manager,68643.07,4,johnsonlinda@guzman.com
655,James,Davis,1998-08-13,Intern,79506.74,5,benjaminbarnes@gmail.com
656,Ashley,Becker,1986-08-01,Intern,107913.98,2,catherine34@hotmail.com
657,Donna,Wheeler,1962-01-06,Consultant,63467.69,1,hbruce@hotmail.com
658,Alexandra,Davis,2000-08-23,Senior Developer,109614.93,,tyler58@gonzalez.com
659,Linda,Meyer,1961-03-12,Senior Developer,104475.54,,zgrant@burke.com
660,Shane,Adams,1967-02-03,Intern,117189.10,1,uzuniga@owens-garcia.biz
661,Jessica,Hanson,1980-12-16,HR Manager,94642.76,5,bateskevin@sanchez.com
662,Rachel,Castro,1971-08-04,Consultant,69958.93,3,cmartin@hotmail.com
663,Cynthia,Hunt,1989-04-20,Sales Representative,58326.98,1,sboyd@stanley-cantrell.org
664,Samantha,Higgins,1982-12-03,HR Manager,57486.87,4,meganbrown@contreras.info
665,Erika,Black,1977-02-10,Sales Representative,30040.72,1,vstanley@yahoo.com
666,Lauren,Todd,1960-01-15,Sales Representative,96044.06,5,halldanielle@rich-robinson.com
667,Sarah,Mora,1963-01-10,Senior Developer,32987.23,4,erica62@gmail.com
668,Susan,Nelson,1969-05-15,Senior Developer,114079.04,1,christineanderson@hotmail.com
669,Omar,Mercado,1966-06-11,Intern,95014.51,3,ysmith@hotmail.com
670,Keith,Fuller,1963-08-29,Intern,106991.66,2,kleincourtney@nguyen.net
671,Tracy,Hooper,1990-11-23,Senior Developer,83077.70,,bwilliams@jenkins.org
672,Nicholas,Brooks,1990-09-26,Intern,89964.50,4,william28@gates.com
673,William,Mata,1971-12-04,Consultant,84329.42,5,pfoster@allen-pennington.com
674,Robert,Gallagher,1998-05-29,Sales Representative,79998.00,3,hurstaaron@schaefer.biz
675,Elizabeth,Adkins,1969-07-22,Consultant,108994.02,,watersemily@rogers-martinez.com
676,Judith,Bright,1989-01-30,Sales Representative,62742.88,2,wellskevin@yahoo.com
677,Gina,Stevens,1983-09-16,Consultant,115634.31,4,scott82@hotmail.com
678,Chad,Hudson,1972-08-23,HR Manager,38761.04,,hbutler@scott-jenkins.com
679,Adam,Ryan,1993-08-15,Senior Developer,77455.65,,karlgonzalez@gmail.com
680,Jasmine,Hodge,1979-06-12,Consultant,36018.78,,wrightalan@hotmail.com
681,Shane,Watts,1961-04-21,Intern,33148.31,4,thomas09@hotmail.com
682,Michelle,Santiago,1960-11-27,Intern,47336.14,4,chardy@hotmail.com
683,Jessica,Everett,1982-08-17,Consultant,54514.41,4,halllaura@miller.org
684,Douglas,Huber,1981-05-01,Senior Developer,39176.95,5,fcooper@hotmail.com
685,Laurie,Lam,2001-04-27,Consultant,96373.11,,ebony71@gmail.com
686,Patricia,Marshall,1994-12-22,Senior Developer,56092.56,3,pagealyssa@hartman.biz
687,Matthew,Allen,2004-09-16,HR Manager,44770.17,3,wilsonsteven@gmail.com
688,Cynthia,Gonzalez,1994-01-11,Consultant,89058.57,1,calhounlawrence@garcia.net
689,Lisa,Snow,1962-03-23,Consultant,86261.57,3,mfigueroa@hotmail.com
690,Cameron,Powell,1988-01-25,Consultant,93410.23,5,david38@lopez-callahan.org
691,Andrew,Simpson,1992-08-18,Intern,111904.90,3,michaelanna@hotmail.com
692,Stephen,Scott,1978-06-10,Senior Developer,108211.16,5,stephanie35@yahoo.com
693,Ryan,Knight,1988-05-26,Consultant,95738.49,3,zachary81@baird.com
694,Michelle,Dixon,1964-07-09,Consultant,115435.44,5,brianna66@yahoo.com
695,April,Acevedo,1970-11-27,Senior Developer,81524.54,,walterslisa@hotmail.com
696,Lee,Davis,1965-06-24,Sales Representative,47793.78,5,johnsonjoseph@moore-garcia.com
697,Vickie,Ferguson,1997-04-20,Consultant,51143.23,,slewis@stephens.com
698,Monica,Higgins,1974-08-04,Senior Developer,50151.81,5,browntammy@hotmail.com
699,Benjamin,Richardson,1962-05-19,HR Manager,71328.12,4,markscody@lowe.com
700,Amanda,Thomas,1959-04-11,Senior Developer,110122.82,1,vleblanc@scott.org
701,Danielle,Hoover,1981-08-10,Consultant,73160.30,,hamiltonjoshua@yahoo.com
702,Karen,Green,1997-04-19,Senior Developer,53725.37,2,andrewrich@hotmail.com
703,Megan,Walker,1969-11-22,HR Manager,93959.93,2,zbradley@miller.com
704,Brandon,Black,1989-08-17,Intern,72597.64,2,wandarich@edwards-hicks.com
705,Thomas,Hendrix,1979-12-23,Consultant,37566.11,2,xmartinez@wells.com
706,Randy,Sutton,2004-06-05,Senior Developer,107875.52,1,mccoygerald@shelton.com
707,Jonathan,Page,1967-09-28,Senior Developer,79143.05,1,campbellmichael@rose.net
708,Dalton,Stewart,1992-11-19,HR Manager,73891.61,4,karencarter@davis-mullen.biz
709,Andrew,Church,1991-08-21,HR Manager,84983.44,3,tuckerzachary@long.com
710,Micheal,Boyer,1998-05-16,Senior Developer,40743.27,1,raymondchang@lee.net
711,Sandra,Morgan,1975-05-05,Sales Representative,36035.45,4,diane95@gray.com
712,Angie,Smith,1980-03-01,Consultant,107143.33,5,oscar41@gmail.com
713,Lance,Jones,1994-08-20,HR Manager,51023.72,3,walkerjoshua@parker-walter.biz
714,Emily,Solis,1971-02-08,HR Manager,84087.65,1,alvarezscott@hotmail.com
715,Jerry,Lopez,1986-01-29,Senior Developer,93556.62,3,johnsontracy@lee-chandler.com
716,Donald,James,2003-06-22,Senior Developer,94589.78,5,anelson@adams.com
717,Jasmine,White,1959-04-19,Sales Representative,36068.68,4,danielprice@yahoo.com
718,Amanda,Banks,1980-03-10,Senior Developer,58132.58,2,matthewsgabriel@brady-stewart.org
719,David,Crawford,1977-02-19,Senior Developer,73661.25,3,ksanders@nelson-weber.com
720,Karl,Allen,1965-03-10,Sales Representative,40129.46,,onelson@hotmail.com
721,John,Wilcox,1988-01-27,HR Manager,39375.36,4,lmendez@landry.com
722,Michael,Moss,1979-06-06,Intern,82160.01,2,kirk42@yahoo.com
723,Jillian,Walsh,2002-06-01,Sales Representative,76755.75,4,edwardcardenas@yahoo.com
724,Aaron,Aguirre,1981-11-27,Consultant,88436.80,,buckmatthew@kemp-gonzalez.biz
725,Benjamin,Mcgee,1976-07-29,Senior Developer,58414.47,,keithwalker@armstrong-harris.info
726,Melissa,Torres,1988-03-23,HR Manager,62640.22,4,bbennett@hoover.com
727,Kimberly,Cameron,1997-08-28,Intern,82455.13,3,madisonwilliams@hotmail.com
728,Karl,Hampton,1968-01-01,HR Manager,70724.11,4,anthony24@carlson-bowers.net
729,Alicia,Newman,1991-10-09,Sales Representative,34653.14,4,bryantsamantha@gmail.com
730,Samantha,Moses,1985-05-21,Consultant,75443.06,1,xrios@yahoo.com
731,Jessica,Edwards,2001-12-31,Intern,95255.72,,brendahorn@curry.org
732,Elizabeth,Yates,2005-08-12,HR Manager,35444.89,4,lisaellis@gmail.com
733,Karen,Russell,2002-09-19,Sales Representative,71215.59,4,wtucker@brown.com
734,Andrea,Turner,1958-10-27,Senior Developer,32576.46,2,hlivingston@steele.info
735,Robert,Butler,1961-06-08,HR Manager,46341.92,,mchase@yahoo.com
736,Laura,Leon,1961-10-17,Intern,109690.87,2,russellthompson@johns-martinez.com
737,Gregory,Sanchez,1975-05-14,Intern,100811.23,5,christopherdeleon@hotmail.com
738,Megan,Fields,1964-10-05,Sales Representative,53338.24,5,corey85@serrano-haynes.biz
739,Eric,Li,1964-02-03,Consultant,114409.56,2,dross@yahoo.com
740,Kevin,Sanchez,1959-09-03,HR Manager,74142.76,5,john19@mueller.org
741,Carrie,Christensen,1980-04-17,Consultant,94902.90,2,amy47@wright-peterson.com
742,Laura,Smith,1974-01-16,Consultant,57090.06,1,kennethpatel@sherman.com
743,Anthony,Adams,1981-08-16,HR Manager,117041.02,2,fischeranthony@gmail.com
744,Bethany,Fisher,2000-04-20,Senior Developer,60394.69,1,vwatson@gmail.com
745,Jason,Murray,1975-07-19,HR Manager,112503.99,1,teresacobb@yahoo.com
746,Melissa,Weber,1969-08-08,HR Manager,83278.77,5,sjones@nelson-rice.com
747,Kenneth,Barrett,1973-08-09,Sales Representative,96671.02,4,irussell@moore.com
748,Michael,Norris,1977-12-31,Sales Representative,73895.24,1,kara76@hotmail.com
749,Megan,Carter,1981-01-08,Intern,62645.35,5,kari92@yahoo.com
750,Stephanie,Cowan,2002-10-10,Senior Developer,47680.40,2,jennifercook@gmail.com
751,Shane,Vang,1999-05-03,Intern,77207.02,3,amanda99@hotmail.com
752,Patricia,Thomas,1999-12-09,HR Manager,41705.81,1,lorraine55@townsend-smith.com
753,Matthew,Baxter,1983-01-22,Senior Developer,40843.00,1,james04@hotmail.com
754,Christopher,Morales,2006-06-26,Sales Representative,55083.69,2,olsonanthony@yahoo.com
755,Meagan,Bennett,1991-07-27,Sales Representative,117708.67,,chelsea58@lopez-logan.com
756,Eddie,Williams,1996-04-09,Intern,47025.09,2,mbautista@johnston.com
757,Benjamin,Maldonado,1982-10-29,Senior Developer,50563.72,1,xhammond@howell-cook.info
758,Dana,Edwards,1999-03-04,Sales Representative,47402.26,3,theresa40@steele.info
759,Eric,Burton,1993-02-14,Senior Developer,34645.96,1,ubentley@gmail.com
760,Cassandra,Snyder,1960-01-01,Consultant,104014.59,1,shawnmorris@hotmail.com
761,Tina,Cherry,1993-09-25,HR Manager,104691.25,4,sheilaheath@mills.org
762,Connor,Ferguson,1988-08-20,Senior Developer,115277.59,2,joannawilliams@wood.com
763,Melissa,Irwin,1996-01-29,Sales Representative,56525.29,4,erikarobertson@yahoo.com
764,Mariah,Burnett,1980-06-09,HR Manager,69197.57,4,khanlisa@hotmail.com
765,Paula,Cooper,1975-11-15,Sales Representative,76838.27,5,jose30@gmail.com
766,Linda,Cervantes,1986-08-12,Intern,112728.32,4,megan12@yahoo.com
767,Patrick,Woods,1975-09-07,HR Manager,96843.63,5,ybaker@yahoo.com
768,Beverly,Burke,1967-12-05,HR Manager,112936.48,1,smithtodd@hotmail.com
769,Chad,Wiley,1974-09-13,HR Manager,66538.28,4,angela66@hotmail.com
770,Christine,Gonzalez,1990-03-06,Consultant,32859.03,5,justinwallace@gmail.com
771,Sandy,Clark,1983-08-11,Intern,73001.35,3,davisaustin@graham-stevenson.com
772,Wesley,Gibson,1992-01-23,Senior Developer,37232.83,2,amyhendrix@gmail.com
773,Jeanne,Coleman,1982-10-13,Sales Representative,74923.04,1,steven91@gmail.com
774,Richard,Bauer,1990-04-05,Sales Representative,97362.53,,justinmunoz@farmer-powell.com
775,Justin,Howard,1987-12-28,Intern,115361.64,1,mjensen@vasquez.com
776,Adrienne,Johnson,1961-08-02,Senior Developer,66512.91,4,ryan19@rice.info
777,Adam,Johnson,1993-04-09,HR Manager,88585.60,3,hicksmark@pham.com
778,Jeremy,Dunn,1961-06-18,Sales Representative,75708.74,3,michaeldavis@moreno.com
779,Mary,Floyd,1994-01-03,Consultant,119849.64,5,vdiaz@king.info
780,Julie,Olson,1988-01-14,Consultant,99757.57,4,howardariel@pratt.info
781,Kimberly,Knight,1959-12-02,Senior Developer,98274.14,2,oliviawatkins@newman.com
782,Sierra,Mcconnell,1998-12-12,Intern,71767.85,4,bakeroscar@yahoo.com
783,Tracy,Green,1974-06-11,Senior Developer,80222.52,,sarah81@gmail.com
784,Julie,Chase,2000-04-22,Consultant,72328.09,,wilsoncarla@nielsen.org
785,James,Thompson,1972-07-06,Consultant,30855.42,,mmay@hotmail.com
786,Donna,Deleon,1971-02-12,Intern,36002.97,3,smithrachel@yahoo.com
787,Matthew,Johns,1992-10-28,Senior Developer,85830.49,1,janet45@carter.com
788,Julie,Hernandez,1970-11-30,Intern,102742.55,3,ulong@hotmail.com
789,Donald,Sanford,1977-11-26,HR Manager,48951.92,,thomaschristopher@hotmail.com
790,Alice,Griffith,2006-02-18,HR Manager,65261.90,4,brandonmiller@pope.com
791,Cassandra,Baker,1976-07-02,Consultant,106112.05,3,richard66@schroeder-nelson.com
792,Kristin,Snyder,1960-09-11,Senior Developer,33371.27,2,brandonanderson@hotmail.com
793,Adam,Perez,2001-02-11,Sales Representative,41588.18,,pughrichard@peterson.net
794,James,Scott,1982-08-07,Consultant,67732.95,3,taylor35@hotmail.com
795,David,Hall,1974-11-11,HR Manager,56874.13,3,ybriggs@lopez.com
796,Justin,Armstrong,1962-03-27,Consultant,34699.88,,grantjennifer@hotmail.com
797,Cody,Lindsey,1995-01-04,Consultant,59490.75,5,kelly41@dawson.com
798,Jenna,Sanders,1975-03-13,Sales Representative,91063.93,,jennifermartinez@yahoo.com
799,Laura,Zuniga,1998-01-18,Intern,83224.84,3,rwilliams@rowe.info
800,Ronnie,Williams,1982-03-30,HR Manager,100452.67,,matthew69@gmail.com
801,Linda,Jones,1990-10-09,Sales Representative,112279.71,4,gcarson@blake.com
802,Elizabeth,Anderson,1991-12-11,HR Manager,108293.51,4,nparks@nicholson.com
803,Brian,Arnold,1993-10-05,Senior Developer,95685.62,4,qsims@molina.com
804,Hannah,Alvarez,1993-06-01,Consultant,109895.11,4,rossjacqueline@hotmail.com
805,Jessica,Smith,1965-12-02,Consultant,63515.95,,jamesjackson@meyer.com
806,Bryan,Perez,1993-06-12,HR Manager,81370.13,4,beverlycohen@gmail.com
807,Jared,Abbott,1989-03-05,Senior Developer,61805.22,4,rachelrodriguez@robinson.com
808,Cathy,Jackson,1998-06-09,Senior Developer,58553.06,5,julie97@yahoo.com
809,Lauren,Miller,1993-07-11,HR Manager,40742.59,,danielwang@conley.net
810,Dennis,Harrington,1961-08-01,Senior Developer,53994.91,2,michaelberry@hotmail.com
811,Erika,Castillo,1991-09-12,Consultant,34235.19,4,tinacross@williams.com
812,Sarah,Davis,2002-07-13,Intern,104668.10,3,thomas78@turner.biz
813,Monica,Phillips,2000-04-26,Senior Developer,110922.30,,qgarcia@yahoo.com
814,Tanya,James,1984-05-04,Intern,103724.95,1,luke46@poole-campbell.com
815,Alicia,Stokes,1979-05-05,HR Manager,114704.19,2,patrickbradley@williams.com
816,John,Farley,1997-02-10,Consultant,117287.02,1,andrewoneal@davis.com
817,Jonathan,Morse,1986-07-03,Senior Developer,87265.48,3,lori84@cantrell.com
818,Holly,Wells,1962-06-27,Consultant,80191.87,3,jason06@barnett.com
819,Jennifer,Jones,1994-07-31,HR Manager,73900.50,3,cmacdonald@gmail.com
820,Nancy,Padilla,1970-02-27,Intern,116632.85,1,cynthia89@johnson-johnson.com
821,Kelly,Turner,1968-08-26,Consultant,52929.97,4,yking@yahoo.com
822,Anthony,Caldwell,1990-09-28,HR Manager,89149.97,1,amandameadows@yahoo.com
823,Sarah,Fisher,1990-05-06,Sales Representative,51240.89,1,huffleah@gmail.com
824,Kathleen,Thornton,1966-06-02,Senior Developer,79776.50,4,danielle78@yahoo.com
825,Brian,Jones,1998-08-31,Consultant,82096.54,,lisa55@wolfe-parker.com
826,Cheryl,Bennett,1960-10-10,HR Manager,51656.22,4,josephbrown@gmail.com
827,Cindy,Smith,1984-10-25,Senior Developer,92277.97,4,omoore@gmail.com
828,Charles,Williams,1977-07-01,HR Manager,87170.52,,amanda72@yahoo.com
829,Douglas,Martinez,1964-11-25,HR Manager,84874.79,1,colleen61@yahoo.com
830,Ashley,Carlson,1968-01-06,Senior Developer,111271.06,4,hernandezchristopher@yahoo.com
831,Megan,Perez,1964-05-30,HR Manager,91874.32,2,williamsjohn@erickson.com
832,Adam,Brown,1992-08-17,HR Manager,117375.07,5,taylor40@gmail.com
833,John,Richard,1963-02-10,HR Manager,40010.29,4,david41@coleman.com
834,Christopher,Graham,2005-12-13,Intern,60748.31,5,michael28@lee.net
835,Rebecca,Ramirez,1970-07-29,Consultant,76983.39,2,hdiaz@gmail.com
836,Wendy,Keller,1974-08-27,Senior Developer,48463.00,5,johnsonchristopher@yahoo.com
837,Melissa,Wright,1994-07-09,Senior Developer,38063.77,2,alexandertravis@moreno.info
838,Zachary,Foster,1987-10-08,Senior Developer,82742.56,5,hgordon@park.net
839,David,Wu,1991-11-13,Consultant,41734.05,3,hansendanielle@wilson.com
840,Alan,James,1966-03-15,HR Manager,117252.57,1,rebecca18@butler.com
841,Tammy,Nelson,1986-04-20,Intern,57697.70,,qchurch@yahoo.com
842,Sarah,Taylor,1964-10-10,Intern,77593.35,1,kellibaker@soto.biz
843,David,Diaz,1988-10-09,Intern,86978.68,1,wgomez@bray-hartman.net
844,Ethan,Elliott,1968-02-26,Sales Representative,104501.79,4,zhodges@chavez.org
845,Elijah,Watts,1999-08-07,Intern,72499.11,5,hallemily@gmail.com
846,Michael,Bradford,1986-06-25,Consultant,90998.58,1,brooksbrad@gmail.com
847,Melissa,Munoz,1987-11-12,Senior Developer,95283.90,,maytimothy@yahoo.com
848,Destiny,Carpenter,1996-11-03,Intern,107306.18,2,wharper@gmail.com
849,Karen,Washington,2004-11-25,HR Manager,35627.79,,dennismoss@hicks.biz
850,Michele,Thomas,1981-10-25,Consultant,93558.51,4,carrollrobert@yahoo.com
851,Jessica,Garcia,1999-06-18,Sales Representative,48131.93,5,richard82@gmail.com
852,Andrea,Bridges,2005-06-13,Intern,117266.46,3,tmiller@gmail.com
853,Amber,Whitaker,1977-11-10,Consultant,32560.00,4,timothy91@hotmail.com
854,Ronnie,Sullivan,1971-03-01,Senior Developer,116693.40,3,patrick54@jones-garcia.com
855,Brian,Howe,1998-05-21,Sales Representative,86851.28,3,erinwells@yahoo.com
856,Cheryl,Jones,2002-12-25,Intern,96700.45,1,ubyrd@hotmail.com
857,Melanie,Ross,1999-03-09,HR Manager,92326.52,4,cobbjennifer@warner.info
858,Jessica,Jackson,1968-09-12,Consultant,51178.67,1,sandra00@finley.net
859,Tracy,Moreno,1997-07-27,Intern,37769.61,4,fgould@hotmail.com
860,Kevin,Reese,1973-09-26,Intern,90957.52,3,melissaknapp@jenkins.net
861,Christopher,Harrell,1998-05-20,Intern,112424.28,,smithamanda@yahoo.com
862,Cynthia,Young,1966-06-24,Senior Developer,89009.92,5,rlindsey@hotmail.com
863,Chad,Reilly,1984-12-16,Intern,117158.62,5,brian33@gmail.com
864,Kimberly,Young,1994-05-31,Sales Representative,64350.41,3,kayleeenglish@yahoo.com
865,Matthew,May,2002-12-31,Senior Developer,73281.54,2,garciajennifer@richmond-horne.com
866,Jennifer,King,1967-05-18,Consultant,91434.41,,zbaker@vazquez-harris.net
867,Alex,Jackson,1979-10-18,Sales Representative,49246.94,1,gbrady@mayer.net
868,Clayton,Lin,1983-08-20,Senior Developer,50729.63,4,kelly45@lopez.biz
869,Morgan,Beck,1982-03-29,HR Manager,115987.73,5,hhill@gmail.com
870,Matthew,Swanson,1986-04-27,Intern,109384.72,3,bryan71@smith.com
871,James,Patrick,1969-09-01,Sales Representative,39223.38,,umarsh@gmail.com
872,Stephen,Stafford,1964-10-08,Intern,56237.60,,lisa33@yahoo.com
873,Edgar,Ford,1961-06-07,Sales Representative,96370.35,,claytonalexandra@hotmail.com
874,Meghan,Roth,1984-12-24,Sales Representative,60478.03,2,tlee@yahoo.com
875,Matthew,Harrington,1995-08-03,Consultant,87542.26,3,hpacheco@hotmail.com
876,Juan,Henderson,1980-11-21,Sales Representative,65658.95,5,nelsonmadeline@hotmail.com
877,Catherine,Holmes,2001-05-31,Intern,100917.16,2,pdean@adams-king.com
878,Jeffrey,Smith,1964-11-30,Consultant,86632.22,1,mark95@cline.com
879,Donald,Martin,1989-07-18,Sales Representative,36176.00,5,vincent16@gmail.com
880,Jimmy,Stewart,1975-05-11,Intern,70127.96,4,dgardner@hotmail.com
881,David,Murray,1985-01-07,Consultant,32523.91,3,elliottian@yahoo.com
882,Robert,Williams,2001-06-22,Sales Representative,119511.37,4,antonio93@kelley.com
883,Tammy,Stevens,1981-10-10,Intern,111840.33,1,etucker@miller.com
884,Daniel,Lewis,1962-11-10,Senior Developer,118827.15,,elliottjohn@sullivan-jenkins.com
885,Emily,Davila,2004-09-19,Intern,113596.15,,rtran@campbell.com
886,Timothy,Fuller,1997-11-05,Consultant,72716.62,2,santiagotina@scott.org
887,Travis,Watson,2000-03-24,Senior Developer,115121.57,3,frazierjulie@kennedy.info
888,Melissa,Reyes,2004-09-02,HR Manager,106273.86,,christinebenitez@hotmail.com
889,Valerie,Henry,1976-09-16,Senior Developer,46004.76,1,brianna59@hoover-welch.com
890,Nicole,Mendez,1989-07-19,Sales Representative,103235.77,2,nsmith@clark.com
891,Dennis,Morales,2002-08-02,Senior Developer,118012.35,2,scottpadilla@yahoo.com
892,Taylor,Clark,1962-08-23,Consultant,98532.52,4,wayne65@gmail.com
893,Daniel,Bell,1993-02-15,HR Manager,97317.50,5,barbarastone@hotmail.com
894,Chelsea,Barnett,1962-09-08,Consultant,83236.35,4,jessescott@guzman.com
895,Christopher,Barker,1969-08-25,Sales Representative,43036.73,4,brandonreyes@castro-rich.com
896,Anthony,Garcia,1979-06-06,Consultant,109031.18,4,melissa29@yahoo.com
897,Darrell,Moon,1959-11-11,HR Manager,104810.27,1,jpreston@lynch.biz
898,Seth,Wright,1966-06-29,HR Manager,69690.25,5,davisjeremy@burch.com
899,Joanna,Holt,1995-09-09,Senior Developer,76600.20,2,kimberlymckenzie@hotmail.com
900,Veronica,Richardson,2001-01-06,HR Manager,83183.10,2,halltamara@hotmail.com
901,Christopher,Harrell,1962-10-26,Sales Representative,46871.64,5,lshelton@rush.com
902,Brent,Love,1982-11-21,Consultant,100060.08,2,richardevans@thomas.info
903,Samantha,Jackson,1981-03-28,Senior Developer,46147.22,4,tracy52@yahoo.com
904,Amy,Morrow,1991-03-30,Sales Representative,51024.10,5,bmadden@hotmail.com
905,Dawn,Randolph,1984-04-09,Sales Representative,104955.98,2,yvazquez@brooks.com
906,David,Rogers,1975-06-09,Consultant,56208.93,2,smithjulie@sanders-gray.com
907,Sarah,Jacobs,2004-08-11,Intern,32516.07,5,lalexander@lucas.biz
908,Jennifer,Gray,1975-09-02,Senior Developer,90654.20,1,baileyryan@green.com
909,Breanna,Wright,2002-12-11,Consultant,65020.92,5,vlewis@hotmail.com
910,Christina,Davis,1989-09-18,HR Manager,107457.74,4,wilkersonjames@hotmail.com
911,Jennifer,Wallace,2000-05-01,Sales Representative,49295.76,1,joseph64@walter.com
912,Emily,Lynch,1989-08-18,Intern,104699.07,1,hayleynichols@gmail.com
913,Sharon,Johnson,1965-05-30,Consultant,99332.85,4,emily46@powell.net
914,Barbara,Ortiz,1983-06-13,Consultant,38058.12,3,gallegosdonna@hunter.info
915,Courtney,Johnston,1976-04-08,Senior Developer,89796.34,2,cjohnson@gmail.com
916,Lisa,Stone,1959-12-07,HR Manager,114646.50,1,erin46@hotmail.com
917,Leslie,Wong,2004-12-25,Intern,111764.11,2,kristin33@nguyen-perez.com
918,Christopher,Thomas,1999-05-02,Intern,82729.66,5,isabelcaldwell@yahoo.com
919,Laura,Harris,1976-05-12,Consultant,48765.00,4,ashleyjohnson@banks.com
920,Laura,Davis,1976-05-14,HR Manager,74568.78,,bgardner@braun.com
921,Melanie,Rowe,2006-01-29,HR Manager,71479.65,1,angelacarson@yahoo.com
922,Christina,Braun,1993-01-01,Consultant,104504.16,3,vegajennifer@brown.com
923,Mario,Ochoa,2001-04-16,Consultant,89984.90,5,torresjohn@young.com
924,Joseph,Walker,1999-07-13,Intern,110241.11,3,zgarrett@morales.com
925,Grace,Johnson,1983-12-01,Intern,105089.19,2,westcraig@gmail.com
926,Alexander,Howard,1990-03-06,Intern,77436.03,4,fosterjustin@hotmail.com
927,James,Christian,2001-01-15,Consultant,54240.53,5,hscott@watts.com
928,Donna,Howell,1970-06-09,Sales Representative,68529.36,1,matthew12@williams.net
929,Victoria,Jones,1960-04-26,Senior Developer,59294.35,3,alexandermiller@yahoo.com
930,Steve,Gonzales,1965-07-25,Senior Developer,112328.56,,brandongonzalez@lewis.com
931,Ashley,Tyler,1964-08-31,Consultant,96648.24,2,christina42@conner.com
932,Kelly,Rogers,2003-03-24,Senior Developer,42084.06,2,wellsdawn@gmail.com
933,Amanda,Farley,1960-05-17,HR Manager,90272.98,5,kellyvillegas@hotmail.com
934,David,Schmitt,1999-09-24,Consultant,112909.57,1,juanramirez@gmail.com
935,Kristen,Robles,1971-06-16,Consultant,119415.72,,xwalker@king.com
936,Erin,Farrell,1988-02-12,Senior Developer,75234.56,4,williammcdonald@daugherty-kim.com
937,Amy,Walker,1960-10-28,Consultant,60209.75,,michelle83@shaffer-kelley.biz
938,Aaron,Rios,1975-03-19,Sales Representative,62553.98,,julie20@branch.info
939,Bryan,Taylor,1987-08-13,HR Manager,103729.22,3,nhill@nguyen.info
940,Michael,Wells,1986-08-14,Sales Representative,75839.02,2,alexander04@yahoo.com
941,Jon,Brown,1962-12-02,Sales Representative,110511.07,4,patrickmarsh@hotmail.com
942,Melissa,Casey,1981-11-07,Intern,48583.86,4,bradleyking@gmail.com
943,David,Flores,1961-11-12,Senior Developer,63941.83,,james26@powell.org
944,Gavin,Haley,1958-12-05,Consultant,118578.01,,peterbradshaw@hotmail.com
945,Adam,Gross,1992-01-11,Consultant,69858.61,1,mcole@hotmail.com
946,Makayla,Copeland,1975-03-02,HR Manager,69343.95,1,robert15@morris.com
947,Michael,Kline,2002-09-17,Consultant,34066.51,3,drodriguez@yahoo.com
948,Donald,Gray,1999-01-16,Intern,56865.80,1,jacksonjanet@hotmail.com
949,Timothy,Parker,1990-04-30,Intern,67868.44,5,amber69@pugh-flowers.com
950,Angel,Sawyer,1959-04-06,Intern,113722.91,5,greerryan@ball.com
951,Mary,Hall,2001-02-02,Intern,78343.65,,cynthia33@cardenas-johnston.info
952,Timothy,Perkins,1960-02-14,Consultant,33015.95,5,xtorres@hotmail.com
953,Anthony,Sherman,1964-10-01,Senior Developer,50475.68,,williamjohnson@smith.com
954,Jeffrey,Davis,1993-07-22,Sales Representative,61245.97,2,hansenholly@vega.biz
955,Robert,Wallace,1994-01-04,Sales Representative,59611.11,2,hhogan@brown.com
956,Brian,Howard,1991-03-27,Sales Representative,54004.97,,sara32@anderson.biz
957,Ethan,Obrien,1997-12-21,Sales Representative,62041.98,2,devinmckinney@mason.org
958,Grant,Snyder,1961-03-13,Intern,83187.50,3,isummers@olson-green.biz
959,Mark,Miller,1969-12-02,HR Manager,47706.97,1,deborah76@knight.biz
960,Nicole,Frost,1963-12-23,Consultant,54153.22,2,dianamartinez@hotmail.com
961,Shelia,Smith,1969-09-26,Senior Developer,90188.14,1,mark08@norris.com
962,Brooke,Murphy,1959-12-10,HR Manager,53950.89,2,denisedavis@chambers.com
963,Jacqueline,Cameron,1966-02-07,Consultant,37300.71,4,james16@carter-hunter.com
964,Brandy,Werner,1987-10-26,Consultant,69702.68,1,jeffery26@yahoo.com
965,David,Smith,2005-10-09,Sales Representative,49086.30,5,pbrown@hotmail.com
966,Steven,Rojas,1970-02-27,Sales Representative,114465.49,4,grosscraig@contreras.info
967,Vanessa,Trujillo,1982-06-28,Intern,67120.28,3,zgomez@thompson.com
968,Debra,Browning,1990-07-05,Consultant,38384.42,1,adam00@hotmail.com
969,Michael,Davis,1986-08-05,Senior Developer,94570.85,,ucervantes@wagner-smith.com
970,Brandon,Gonzales,1999-01-15,Consultant,79952.57,1,carolinemartinez@gmail.com
971,Stephen,Bailey,2001-11-16,Sales Representative,52048.24,2,gabriellaparker@yahoo.com
972,Ann,Williams,1969-11-18,Senior Developer,58170.24,4,nicholas95@perez-thomas.com
973,Brian,Mccullough,1990-04-05,HR Manager,43537.57,2,crystal49@yahoo.com
974,Adam,Solis,2000-03-03,Sales Representative,59476.32,2,kimbenson@abbott.net
975,Anna,Griffith,1995-01-15,Sales Representative,89277.05,,vpatel@gmail.com
976,William,Dunn,1978-07-20,HR Manager,84388.26,,sheri84@jenkins.com
977,Joe,Bright,1993-10-07,Consultant,105778.04,4,trojas@scott.com
978,Richard,Martinez,1996-06-05,Senior Developer,63844.97,,moranandrew@gmail.com
979,Amy,Kramer,1968-03-07,Senior Developer,63264.40,2,lori85@gmail.com
980,Amy,Jones,2001-06-25,Sales Representative,99949.82,1,dawn88@smith-simpson.org
981,Eric,Wang,1960-08-20,Senior Developer,119338.01,3,kimberly59@johnson.net
982,Xavier,Reyes,1992-03-04,Sales Representative,116316.83,2,robert12@yahoo.com
983,James,Meyers,1960-05-28,Intern,35193.78,3,howardbryan@hotmail.com
984,Charles,Davis,1992-11-14,Senior Developer,46792.63,3,danielle06@yahoo.com
985,Andrew,Hall,1965-09-27,Consultant,106959.78,5,sharon47@long.biz
986,Jeffrey,Ramirez,2002-12-25,Intern,118991.28,,leephyllis@yahoo.com
987,Jonathan,Vasquez,1981-02-13,Senior Developer,91874.66,1,sstewart@allen.info
988,Jenna,Cook,1997-07-12,Consultant,102046.77,5,whurst@cortez.com
989,Daniel,Frye,1965-02-28,HR Manager,89216.75,2,erush@gmail.com
990,Lisa,Jones,2002-07-03,HR Manager,62845.52,5,irwinmario@hotmail.com
991,Eddie,Pope,2003-06-28,Senior Developer,64413.68,,kingcrystal@nguyen.com
992,Harold,Molina,1999-08-28,Consultant,77513.75,5,brookerose@yahoo.com
993,Amanda,Riley,1999-06-28,Intern,39415.49,2,fcampos@gmail.com
994,Brandon,Martinez,1999-08-14,Intern,88189.13,3,estevens@cook-brown.info
995,Tonya,Davis,1992-08-25,Sales Representative,95654.98,5,yhanson@harper.com
996,Sara,Carter,1978-02-03,Senior Developer,58847.68,1,davisrhonda@juarez-rangel.biz
997,James,Daniel,1979-08-15,Consultant,74781.58,4,perryeric@martinez.com
998,David,Noble,1998-07-12,Sales Representative,93908.69,4,samantha01@yahoo.com
999,Robin,Roberson,1992-07-24,Sales Representative,30254.36,2,zscott@gmail.com
1000,Andrea,Tucker,1991-07-11,Consultant,37205.14,4,jeremy47@stewart.biz
